sep = ;
Module;Occurance;Activity;Week;Day;Module Tutor;Room;Target;Actual;Pro Forma
GFW0018 - SECURITY AND ETHICS IN CYBERSPACE;1;ONLINE;7, 8, 9, 10, 11, 13, 14, 15, 16, 17, 18, 19, 20;Monday 10:00 AM - 12:00 PM;FAZIDAH BINTI OTHMAN;N/A;50;50;LINK
GFW0018 - SECURITY AND ETHICS IN CYBERSPACE;1M;ONLINE;7, 8, 9, 10, 11, 13, 14, 15, 16, 17, 18, 19, 20;Monday 10:00 AM - 12:00 PM;FAZIDAH BINTI OTHMAN;N/A;10;10;LINK
GFW0018 - SECURITY AND ETHICS IN CYBERSPACE;2;ONLINE;7, 8, 9, 10, 11, 13, 14, 15, 16, 17, 18, 19, 20;Tuesday 2:00 PM - 4:00 PM;BRYAN RAJ A/L PETER JABARAJ;N/A;50;50;LINK
GFW0030 - BUSINESS ANALYTICS FOR DECISION MAKER;1;ONLINE;7, 8, 9, 10, 11, 13, 14, 15, 16, 17, 18, 19, 20;Wednesday 9:00 AM - 11:00 AM;NOR LIYANA BT MOHD SHUIB;N/A;50;15;LINK
GFW0030 - BUSINESS ANALYTICS FOR DECISION MAKER;1M;ONLINE;7, 8, 9, 10, 11, 13, 14, 15, 16, 17, 18, 19, 20;Wednesday 9:00 AM - 11:00 AM;NOR LIYANA BT MOHD SHUIB;N/A;10;0;LINK
GFW0030 - BUSINESS ANALYTICS FOR DECISION MAKER;2;ONLINE;7, 8, 9, 10, 11, 13, 14, 15, 16, 17, 18, 19, 20;Wednesday 2:00 PM - 4:00 PM;NORJIHAN BINTI ABDUL GHANI;N/A;50;16;LINK
GFW0031 - COMPUTER NETWORKS FOR EVERYBODY;1;ONLINE;7, 8, 9, 10, 11, 13, 14, 15, 16, 17, 18, 19, 20;Monday 2:00 PM - 4:00 PM;ISMAIL BIN AHMEDY;N/A;50;49;LINK
GFW0031 - COMPUTER NETWORKS FOR EVERYBODY;1M;ONLINE;7, 8, 9, 10, 11, 13, 14, 15, 16, 17, 18, 19, 20;Monday 2:00 PM - 4:00 PM;ISMAIL BIN AHMEDY;N/A;10;10;LINK
GFW0031 - COMPUTER NETWORKS FOR EVERYBODY;2;ONLINE;7, 8, 9, 10, 11, 13, 14, 15, 16, 17, 18, 19, 20;Wednesday 10:00 AM - 12:00 PM;ISMAIL BIN AHMEDY;N/A;50;33;LINK
WIA1002 - DATA STRUCTURE;1;TUTORIAL;7, 8, 9, 10, 11, 13, 14, 15, 16, 17, 18, 19, 20;Wednesday 10:00 AM - 1:00 PM;Liew Shiung;Makmal Mikro 1 FSKTM (50);50;0;LINK
WIA1002 - DATA STRUCTURE;1;LECTURE;7, 8, 9, 10, 11, 13, 14, 15, 16, 17, 18, 19, 20;Monday 1:00 PM - 3:00 PM;LIEW CHEE SUN;Dewan Kuliah 1 FSKTM (280);50;0;LINK
WIA1002 - DATA STRUCTURE;10;TUTORIAL;7, 8, 9, 10, 11, 13, 14, 15, 16, 17, 18, 19, 20;Friday 3:00 PM - 6:00 PM;;Makmal Lanjutan FSKTM (33);33;0;LINK
WIA1002 - DATA STRUCTURE;10;LECTURE;7, 8, 9, 10, 11, 13, 14, 15, 16, 17, 18, 19, 20;Monday 1:00 PM - 3:00 PM;NURUL BINTI JAPAR;Dewan Kuliah 2 FSKTM (280);33;0;LINK
WIA1002 - DATA STRUCTURE;2;TUTORIAL;7, 8, 9, 10, 11, 13, 14, 15, 16, 17, 18, 19, 20;Wednesday 10:00 AM - 1:00 PM;ADELEH ASEMI ZAVAREH;Makmal Mikro 6 FSKTM (45);45;1;LINK
WIA1002 - DATA STRUCTURE;2;LECTURE;7, 8, 9, 10, 11, 13, 14, 15, 16, 17, 18, 19, 20;Monday 1:00 PM - 3:00 PM;LIEW CHEE SUN;Dewan Kuliah 1 FSKTM (280);45;1;LINK
WIA1002 - DATA STRUCTURE;3;TUTORIAL;7, 8, 9, 10, 11, 13, 14, 15, 16, 17, 18, 19, 20;Wednesday 3:00 PM - 6:00 PM;Liew Shiung;Makmal Mikro 6 FSKTM (45);45;0;LINK
WIA1002 - DATA STRUCTURE;3;LECTURE;7, 8, 9, 10, 11, 13, 14, 15, 16, 17, 18, 19, 20;Monday 1:00 PM - 3:00 PM;LIEW CHEE SUN;Dewan Kuliah 1 FSKTM (280);45;0;LINK
WIA1002 - DATA STRUCTURE;4;TUTORIAL;7, 8, 9, 10, 11, 13, 14, 15, 16, 17, 18, 19, 20;Wednesday 3:00 PM - 6:00 PM;ADELEH ASEMI ZAVAREH;Makmal Mikro 1 FSKTM (50);50;1;LINK
WIA1002 - DATA STRUCTURE;4;LECTURE;7, 8, 9, 10, 11, 13, 14, 15, 16, 17, 18, 19, 20;Monday 1:00 PM - 3:00 PM;LIEW CHEE SUN;Dewan Kuliah 1 FSKTM (280);50;1;LINK
WIA1002 - DATA STRUCTURE;5;TUTORIAL;7, 8, 9, 10, 11, 13, 14, 15, 16, 17, 18, 19, 20;Wednesday 3:00 PM - 6:00 PM;MOHAMAD HAZIM BIN MD HANIF;Makmal Mikro 3 FSKTM (60);60;0;LINK
WIA1002 - DATA STRUCTURE;5;LECTURE;7, 8, 9, 10, 11, 13, 14, 15, 16, 17, 18, 19, 20;Monday 1:00 PM - 3:00 PM;LIEW CHEE SUN;Dewan Kuliah 1 FSKTM (280);60;0;LINK
WIA1002 - DATA STRUCTURE;6;TUTORIAL;7, 8, 9, 10, 11, 13, 14, 15, 16, 17, 18, 19, 20;Thursday 11:00 AM - 2:00 PM;NURUL BINTI JAPAR;Makmal Mikro 1 FSKTM (50);50;0;LINK
WIA1002 - DATA STRUCTURE;6;LECTURE;7, 8, 9, 10, 11, 13, 14, 15, 16, 17, 18, 19, 20;Monday 1:00 PM - 3:00 PM;NURUL BINTI JAPAR;Dewan Kuliah 2 FSKTM (280);50;0;LINK
WIA1002 - DATA STRUCTURE;7;TUTORIAL;7, 8, 9, 10, 11, 13, 14, 15, 16, 17, 18, 19, 20;Thursday 11:00 AM - 2:00 PM;MOHAMAD HAZIM BIN MD HANIF;Makmal Mikro 6 FSKTM (45);45;0;LINK
WIA1002 - DATA STRUCTURE;7;LECTURE;7, 8, 9, 10, 11, 13, 14, 15, 16, 17, 18, 19, 20;Monday 1:00 PM - 3:00 PM;NURUL BINTI JAPAR;Dewan Kuliah 2 FSKTM (280);45;0;LINK
WIA1002 - DATA STRUCTURE;8;TUTORIAL;7, 8, 9, 10, 11, 13, 14, 15, 16, 17, 18, 19, 20;Thursday 11:00 AM - 2:00 PM;HOO WAI LAM;Makmal Mikro 4 FSKTM (60);60;0;LINK
WIA1002 - DATA STRUCTURE;8;LECTURE;7, 8, 9, 10, 11, 13, 14, 15, 16, 17, 18, 19, 20;Monday 1:00 PM - 3:00 PM;NURUL BINTI JAPAR;Dewan Kuliah 2 FSKTM (280);60;0;LINK
WIA1002 - DATA STRUCTURE;9;TUTORIAL;7, 8, 9, 10, 11, 13, 14, 15, 16, 17, 18, 19, 20;Wednesday 3:00 PM - 6:00 PM;LIEW CHEE SUN;Makmal Lanjutan FSKTM (33);30;0;LINK
WIA1002 - DATA STRUCTURE;9;LECTURE;7, 8, 9, 10, 11, 13, 14, 15, 16, 17, 18, 19, 20;Monday 1:00 PM - 3:00 PM;NURUL BINTI JAPAR;Dewan Kuliah 2 FSKTM (280);30;0;LINK
WIA1003 - COMPUTER SYSTEM ARCHITECTURE;1;TUTORIAL;7, 8, 9, 10, 11, 13, 14, 15, 16, 17, 18, 19, 20;Wednesday 12:00 PM - 1:00 PM;MOHD YAMANI IDNA BIN IDRIS;Makmal Mikro 4 FSKTM (60);60;0;LINK
WIA1003 - COMPUTER SYSTEM ARCHITECTURE;1;LECTURE;7, 8, 9, 10, 11, 13, 14, 15, 16, 17, 18, 19, 20;Monday 9:00 AM - 11:00 AM;MOHD YAMANI IDNA BIN IDRIS;Dewan Kuliah 1 FSKTM (280);60;0;LINK
WIA1003 - COMPUTER SYSTEM ARCHITECTURE;10;TUTORIAL;7, 8, 9, 10, 11, 13, 14, 15, 16, 17, 18, 19, 20;Thursday 5:00 PM - 6:00 PM;Burhan Khan;Makmal Mikro 1 FSKTM (50);50;0;LINK
WIA1003 - COMPUTER SYSTEM ARCHITECTURE;10;LECTURE;7, 8, 9, 10, 11, 13, 14, 15, 16, 17, 18, 19, 20;Monday 9:00 AM - 11:00 AM;BRYAN RAJ A/L PETER JABARAJ;Dewan Kuliah 2 FSKTM (280);50;0;LINK
WIA1003 - COMPUTER SYSTEM ARCHITECTURE;2;TUTORIAL;7, 8, 9, 10, 11, 13, 14, 15, 16, 17, 18, 19, 20;Thursday 2:00 PM - 3:00 PM;Burhan Khan;Makmal Lanjutan FSKTM (33);33;0;LINK
WIA1003 - COMPUTER SYSTEM ARCHITECTURE;2;LECTURE;7, 8, 9, 10, 11, 13, 14, 15, 16, 17, 18, 19, 20;Monday 9:00 AM - 11:00 AM;MOHD YAMANI IDNA BIN IDRIS;Dewan Kuliah 1 FSKTM (280);33;0;LINK
WIA1003 - COMPUTER SYSTEM ARCHITECTURE;3;TUTORIAL;7, 8, 9, 10, 11, 13, 14, 15, 16, 17, 18, 19, 20;Wednesday 1:00 PM - 2:00 PM;EMRAN BIN MOHD TAMIL;Makmal Mikro 1 FSKTM (50);50;1;LINK
WIA1003 - COMPUTER SYSTEM ARCHITECTURE;3;LECTURE;7, 8, 9, 10, 11, 13, 14, 15, 16, 17, 18, 19, 20;Monday 9:00 AM - 11:00 AM;MOHD YAMANI IDNA BIN IDRIS;Dewan Kuliah 1 FSKTM (280);50;1;LINK
WIA1003 - COMPUTER SYSTEM ARCHITECTURE;4;TUTORIAL;7, 8, 9, 10, 11, 13, 14, 15, 16, 17, 18, 19, 20;Wednesday 1:00 PM - 2:00 PM;MOHD YAMANI IDNA BIN IDRIS;Makmal Mikro 4 FSKTM (60);60;0;LINK
WIA1003 - COMPUTER SYSTEM ARCHITECTURE;4;LECTURE;7, 8, 9, 10, 11, 13, 14, 15, 16, 17, 18, 19, 20;Monday 9:00 AM - 11:00 AM;MOHD YAMANI IDNA BIN IDRIS;Dewan Kuliah 1 FSKTM (280);60;0;LINK
WIA1003 - COMPUTER SYSTEM ARCHITECTURE;5;TUTORIAL;7, 8, 9, 10, 11, 13, 14, 15, 16, 17, 18, 19, 20;Thursday 1:00 PM - 2:00 PM;EMRAN BIN MOHD TAMIL;Makmal Stroustrup FSKTM (30);40;0;LINK
WIA1003 - COMPUTER SYSTEM ARCHITECTURE;5;LECTURE;7, 8, 9, 10, 11, 13, 14, 15, 16, 17, 18, 19, 20;Monday 9:00 AM - 11:00 AM;MOHD YAMANI IDNA BIN IDRIS;Dewan Kuliah 1 FSKTM (280);40;0;LINK
WIA1003 - COMPUTER SYSTEM ARCHITECTURE;6;TUTORIAL;7, 8, 9, 10, 11, 13, 14, 15, 16, 17, 18, 19, 20;Wednesday 1:00 PM - 2:00 PM;BRYAN RAJ A/L PETER JABARAJ;Makmal Mikro 3 FSKTM (60);60;0;LINK
WIA1003 - COMPUTER SYSTEM ARCHITECTURE;6;LECTURE;7, 8, 9, 10, 11, 13, 14, 15, 16, 17, 18, 19, 20;Monday 9:00 AM - 11:00 AM;BRYAN RAJ A/L PETER JABARAJ;Dewan Kuliah 2 FSKTM (280);60;0;LINK
WIA1003 - COMPUTER SYSTEM ARCHITECTURE;7;TUTORIAL;7, 8, 9, 10, 11, 13, 14, 15, 16, 17, 18, 19, 20;Thursday 3:00 PM - 4:00 PM;EMRAN BIN MOHD TAMIL;Makmal Stroustrup FSKTM (30);30;0;LINK
WIA1003 - COMPUTER SYSTEM ARCHITECTURE;7;LECTURE;7, 8, 9, 10, 11, 13, 14, 15, 16, 17, 18, 19, 20;Monday 9:00 AM - 11:00 AM;BRYAN RAJ A/L PETER JABARAJ;Dewan Kuliah 2 FSKTM (280);30;0;LINK
WIA1003 - COMPUTER SYSTEM ARCHITECTURE;8;TUTORIAL;7, 8, 9, 10, 11, 13, 14, 15, 16, 17, 18, 19, 20;Wednesday 2:00 PM - 3:00 PM;BRYAN RAJ A/L PETER JABARAJ;Makmal Mikro 3 FSKTM (60);60;0;LINK
WIA1003 - COMPUTER SYSTEM ARCHITECTURE;8;LECTURE;7, 8, 9, 10, 11, 13, 14, 15, 16, 17, 18, 19, 20;Monday 9:00 AM - 11:00 AM;BRYAN RAJ A/L PETER JABARAJ;Dewan Kuliah 2 FSKTM (280);60;0;LINK
WIA1003 - COMPUTER SYSTEM ARCHITECTURE;9;TUTORIAL;7, 8, 9, 10, 11, 13, 14, 15, 16, 17, 18, 19, 20;Thursday 4:00 PM - 5:00 PM;EMRAN BIN MOHD TAMIL;Makmal Stroustrup FSKTM (30);30;0;LINK
WIA1003 - COMPUTER SYSTEM ARCHITECTURE;9;LECTURE;7, 8, 9, 10, 11, 13, 14, 15, 16, 17, 18, 19, 20;Monday 9:00 AM - 11:00 AM;BRYAN RAJ A/L PETER JABARAJ;Dewan Kuliah 2 FSKTM (280);30;0;LINK
WIA1005 - NETWORK TECHNOLOGY FOUNDATION;1;TUTORIAL;7, 8, 9, 10, 11, 13, 14, 15, 16, 17, 18, 19, 20;Wednesday 8:00 AM - 10:00 AM;ANG TAN FONG;Makmal CCNA FSKTM (40);40;1;LINK
WIA1005 - NETWORK TECHNOLOGY FOUNDATION;1;LECTURE;7, 8, 9, 10, 11, 13, 14, 15, 16, 17, 18, 19, 20;Tuesday 9:00 AM - 11:00 AM;ROSLI BIN SALLEH;Dewan Kuliah 1 FSKTM (280);40;1;LINK
WIA1005 - NETWORK TECHNOLOGY FOUNDATION;10;TUTORIAL;7, 8, 9, 10, 11, 13, 14, 15, 16, 17, 18, 19, 20;Thursday 4:00 PM - 6:00 PM;MUHAMMAD NUR FIRDAUS BIN SAHRAN;Makmal CCNA FSKTM (40);40;0;LINK
WIA1005 - NETWORK TECHNOLOGY FOUNDATION;10;LECTURE;7, 8, 9, 10, 11, 13, 14, 15, 16, 17, 18, 19, 20;Tuesday 9:00 AM - 11:00 AM;MUHAMMAD FAIZ BIN MOHD ZAKI;Dewan Kuliah 2 FSKTM (280);40;0;LINK
WIA1005 - NETWORK TECHNOLOGY FOUNDATION;11;TUTORIAL;7, 8, 9, 10, 11, 13, 14, 15, 16, 17, 18, 19, 20;Monday 4:00 PM - 6:00 PM;MUHAMMAD NUR FIRDAUS BIN SAHRAN;Makmal CCNA FSKTM (40);40;0;LINK
WIA1005 - NETWORK TECHNOLOGY FOUNDATION;11;LECTURE;7, 8, 9, 10, 11, 13, 14, 15, 16, 17, 18, 19, 20;Tuesday 9:00 AM - 11:00 AM;MUHAMMAD FAIZ BIN MOHD ZAKI;Dewan Kuliah 2 FSKTM (280);40;0;LINK
WIA1005 - NETWORK TECHNOLOGY FOUNDATION;2;TUTORIAL;7, 8, 9, 10, 11, 13, 14, 15, 16, 17, 18, 19, 20;Tuesday 2:00 PM - 4:00 PM;ROSLI BIN SALLEH;Makmal CCNA FSKTM (40);40;0;LINK
WIA1005 - NETWORK TECHNOLOGY FOUNDATION;2;LECTURE;7, 8, 9, 10, 11, 13, 14, 15, 16, 17, 18, 19, 20;Tuesday 9:00 AM - 11:00 AM;ROSLI BIN SALLEH;Dewan Kuliah 1 FSKTM (280);40;0;LINK
WIA1005 - NETWORK TECHNOLOGY FOUNDATION;3;TUTORIAL;7, 8, 9, 10, 11, 13, 14, 15, 16, 17, 18, 19, 20;Wednesday 1:00 PM - 3:00 PM;NOR BADRUL ANUAR BIN JUMA'AT;Makmal CCNA FSKTM (40);40;0;LINK
WIA1005 - NETWORK TECHNOLOGY FOUNDATION;3;LECTURE;7, 8, 9, 10, 11, 13, 14, 15, 16, 17, 18, 19, 20;Tuesday 9:00 AM - 11:00 AM;ROSLI BIN SALLEH;Dewan Kuliah 1 FSKTM (280);40;0;LINK
WIA1005 - NETWORK TECHNOLOGY FOUNDATION;4;TUTORIAL;7, 8, 9, 10, 11, 13, 14, 15, 16, 17, 18, 19, 20;Tuesday 4:00 PM - 6:00 PM;ROSLI BIN SALLEH;Makmal CCNA FSKTM (40);40;0;LINK
WIA1005 - NETWORK TECHNOLOGY FOUNDATION;4;LECTURE;7, 8, 9, 10, 11, 13, 14, 15, 16, 17, 18, 19, 20;Tuesday 9:00 AM - 11:00 AM;ROSLI BIN SALLEH;Dewan Kuliah 1 FSKTM (280);40;0;LINK
WIA1005 - NETWORK TECHNOLOGY FOUNDATION;5;TUTORIAL;7, 8, 9, 10, 11, 13, 14, 15, 16, 17, 18, 19, 20;Thursday 9:00 AM - 11:00 AM;LING TECK CHAW;Makmal CCNA FSKTM (40);40;0;LINK
WIA1005 - NETWORK TECHNOLOGY FOUNDATION;5;LECTURE;7, 8, 9, 10, 11, 13, 14, 15, 16, 17, 18, 19, 20;Tuesday 9:00 AM - 11:00 AM;ROSLI BIN SALLEH;Dewan Kuliah 1 FSKTM (280);40;0;LINK
WIA1005 - NETWORK TECHNOLOGY FOUNDATION;6;TUTORIAL;7, 8, 9, 10, 11, 13, 14, 15, 16, 17, 18, 19, 20;Wednesday 10:00 AM - 12:00 PM;ANG TAN FONG;Makmal CCNA FSKTM (40);40;0;LINK
WIA1005 - NETWORK TECHNOLOGY FOUNDATION;6;LECTURE;7, 8, 9, 10, 11, 13, 14, 15, 16, 17, 18, 19, 20;Tuesday 9:00 AM - 11:00 AM;ROSLI BIN SALLEH;Dewan Kuliah 1 FSKTM (280);40;0;LINK
WIA1005 - NETWORK TECHNOLOGY FOUNDATION;7;TUTORIAL;7, 8, 9, 10, 11, 13, 14, 15, 16, 17, 18, 19, 20;Thursday 11:00 AM - 1:00 PM;MUHAMMAD FAIZ BIN MOHD ZAKI;Makmal CCNA FSKTM (40);40;1;LINK
WIA1005 - NETWORK TECHNOLOGY FOUNDATION;7;LECTURE;7, 8, 9, 10, 11, 13, 14, 15, 16, 17, 18, 19, 20;Tuesday 9:00 AM - 11:00 AM;MUHAMMAD FAIZ BIN MOHD ZAKI;Dewan Kuliah 2 FSKTM (280);40;1;LINK
WIA1005 - NETWORK TECHNOLOGY FOUNDATION;8;TUTORIAL;7, 8, 9, 10, 11, 13, 14, 15, 16, 17, 18, 19, 20;Thursday 2:00 PM - 4:00 PM;MUHAMMAD FAIZ BIN MOHD ZAKI;Makmal CCNA FSKTM (40);40;0;LINK
WIA1005 - NETWORK TECHNOLOGY FOUNDATION;8;LECTURE;7, 8, 9, 10, 11, 13, 14, 15, 16, 17, 18, 19, 20;Tuesday 9:00 AM - 11:00 AM;MUHAMMAD FAIZ BIN MOHD ZAKI;Dewan Kuliah 2 FSKTM (280);40;0;LINK
WIA1005 - NETWORK TECHNOLOGY FOUNDATION;9;TUTORIAL;7, 8, 9, 10, 11, 13, 14, 15, 16, 17, 18, 19, 20;Monday 9:00 AM - 11:00 AM;MISS LAIHA BINTI MAT KIAH;Makmal CCNA FSKTM (40);40;0;LINK
WIA1005 - NETWORK TECHNOLOGY FOUNDATION;9;LECTURE;7, 8, 9, 10, 11, 13, 14, 15, 16, 17, 18, 19, 20;Tuesday 9:00 AM - 11:00 AM;MUHAMMAD FAIZ BIN MOHD ZAKI;Dewan Kuliah 2 FSKTM (280);40;0;LINK
WIA1006 - MACHINE LEARNING;1;TUTORIAL;7, 8, 9, 10, 11, 13, 14, 15, 16, 17, 18, 19, 20;Tuesday 5:00 PM - 6:00 PM;AFIZAN BIN AZMAN;Makmal Mikro 3 FSKTM (60);50;0;LINK
WIA1006 - MACHINE LEARNING;1;LECTURE;7, 8, 9, 10, 11, 13, 14, 15, 16, 17, 18, 19, 20;Tuesday 12:00 PM - 2:00 PM;AFIZAN BIN AZMAN;Dewan Kuliah 1 FSKTM (280);50;0;LINK
WIA1006 - MACHINE LEARNING;2;TUTORIAL;7, 8, 9, 10, 11, 13, 14, 15, 16, 17, 18, 19, 20;Thursday 10:00 AM - 11:00 AM;MUHAMMAD SHAHREEZA SAFIRUZ BIN KASSIM;Makmal Mikro 6 FSKTM (45);45;1;LINK
WIA1006 - MACHINE LEARNING;2;LECTURE;7, 8, 9, 10, 11, 13, 14, 15, 16, 17, 18, 19, 20;Tuesday 12:00 PM - 2:00 PM;AFIZAN BIN AZMAN;Dewan Kuliah 1 FSKTM (280);45;1;LINK
WIA1006 - MACHINE LEARNING;3;TUTORIAL;7, 8, 9, 10, 11, 13, 14, 15, 16, 17, 18, 19, 20;Thursday 2:00 PM - 3:00 PM;LIM CHEE KAU;Makmal Mikro 1 FSKTM (50);50;0;LINK
WIA1006 - MACHINE LEARNING;3;LECTURE;7, 8, 9, 10, 11, 13, 14, 15, 16, 17, 18, 19, 20;Tuesday 12:00 PM - 2:00 PM;AFIZAN BIN AZMAN;Dewan Kuliah 1 FSKTM (280);50;0;LINK
WIA1006 - MACHINE LEARNING;4;TUTORIAL;7, 8, 9, 10, 11, 13, 14, 15, 16, 17, 18, 19, 20;Thursday 2:00 PM - 3:00 PM;AMARACHUKWU FELIX EBUBEOGU;Makmal Mikro 3 FSKTM (60);60;0;LINK
WIA1006 - MACHINE LEARNING;4;LECTURE;7, 8, 9, 10, 11, 13, 14, 15, 16, 17, 18, 19, 20;Tuesday 12:00 PM - 2:00 PM;AFIZAN BIN AZMAN;Dewan Kuliah 1 FSKTM (280);60;0;LINK
WIA1006 - MACHINE LEARNING;5;TUTORIAL;7, 8, 9, 10, 11, 13, 14, 15, 16, 17, 18, 19, 20;Thursday 2:00 PM - 3:00 PM;MUHAMMAD SHAHREEZA SAFIRUZ BIN KASSIM;Makmal Mikro 4 FSKTM (60);60;0;LINK
WIA1006 - MACHINE LEARNING;5;LECTURE;7, 8, 9, 10, 11, 13, 14, 15, 16, 17, 18, 19, 20;Tuesday 12:00 PM - 2:00 PM;AFIZAN BIN AZMAN;Dewan Kuliah 1 FSKTM (280);60;0;LINK
WIA1006 - MACHINE LEARNING;6;TUTORIAL;7, 8, 9, 10, 11, 13, 14, 15, 16, 17, 18, 19, 20;Thursday 9:00 AM - 10:00 AM;LIM CHEE KAU;Makmal Mikro 6 FSKTM (45);45;0;LINK
WIA1006 - MACHINE LEARNING;6;LECTURE;7, 8, 9, 10, 11, 13, 14, 15, 16, 17, 18, 19, 20;Tuesday 12:00 PM - 2:00 PM;AFIZAN BIN AZMAN;Dewan Kuliah 1 FSKTM (280);45;0;LINK
WIA1006 - MACHINE LEARNING;7;TUTORIAL;7, 8, 9, 10, 11, 13, 14, 15, 16, 17, 18, 19, 20;Thursday 4:00 PM - 5:00 PM;AMARACHUKWU FELIX EBUBEOGU;Makmal Lanjutan FSKTM (33);30;0;LINK
WIA1006 - MACHINE LEARNING;7;LECTURE;7, 8, 9, 10, 11, 13, 14, 15, 16, 17, 18, 19, 20;Tuesday 12:00 PM - 2:00 PM;SAW SHIER NEE;Dewan Kuliah 2 FSKTM (280);30;0;LINK
WIA1006 - MACHINE LEARNING;8;TUTORIAL;7, 8, 9, 10, 11, 13, 14, 15, 16, 17, 18, 19, 20;Thursday 3:00 PM - 4:00 PM;MUHAMMAD SHAHREEZA SAFIRUZ BIN KASSIM;Makmal Mikro 4 FSKTM (60);60;0;LINK
WIA1006 - MACHINE LEARNING;8;LECTURE;7, 8, 9, 10, 11, 13, 14, 15, 16, 17, 18, 19, 20;Tuesday 12:00 PM - 2:00 PM;SAW SHIER NEE;Dewan Kuliah 2 FSKTM (280);60;0;LINK
WIA1006 - MACHINE LEARNING;9;TUTORIAL;7, 8, 9, 10, 11, 13, 14, 15, 16, 17, 18, 19, 20;Thursday 5:00 PM - 6:00 PM;AMARACHUKWU FELIX EBUBEOGU;Makmal Lanjutan FSKTM (33);30;0;LINK
WIA1006 - MACHINE LEARNING;9;LECTURE;7, 8, 9, 10, 11, 13, 14, 15, 16, 17, 18, 19, 20;Tuesday 12:00 PM - 2:00 PM;SAW SHIER NEE;Dewan Kuliah 2 FSKTM (280);30;0;LINK
WIA2004 - OPERATING SYSTEMS;1;TUTORIAL;7, 8, 9, 10, 11, 13, 14, 15, 16, 17, 18, 19, 20;Wednesday 10:00 AM - 12:00 PM;SAAIDAL RAZALLI BIN AZZUHRI;Makmal Mikro 4 FSKTM (60);60;0;LINK
WIA2004 - OPERATING SYSTEMS;1;LECTURE;7, 8, 9, 10, 11, 13, 14, 15, 16, 17, 18, 19, 20;Monday 3:00 PM - 5:00 PM;SAAIDAL RAZALLI BIN AZZUHRI;Dewan Kuliah 1 FSKTM (280);60;0;LINK
WIA2004 - OPERATING SYSTEMS;10;TUTORIAL;7, 8, 9, 10, 11, 13, 14, 15, 16, 17, 18, 19, 20;Thursday 3:00 PM - 5:00 PM;FAZIDAH BINTI OTHMAN;Makmal Mikro 3 FSKTM (60);60;0;LINK
WIA2004 - OPERATING SYSTEMS;10;LECTURE;7, 8, 9, 10, 11, 13, 14, 15, 16, 17, 18, 19, 20;Monday 3:00 PM - 5:00 PM;FAZIDAH BINTI OTHMAN;Dewan Kuliah 2 FSKTM (280);60;0;LINK
WIA2004 - OPERATING SYSTEMS;2;TUTORIAL;7, 8, 9, 10, 11, 13, 14, 15, 16, 17, 18, 19, 20;Wednesday 9:00 AM - 11:00 AM;POR LIP YEE @ POR KHOON SUN;Makmal Mikro 3 FSKTM (60);60;0;LINK
WIA2004 - OPERATING SYSTEMS;2;LECTURE;7, 8, 9, 10, 11, 13, 14, 15, 16, 17, 18, 19, 20;Monday 3:00 PM - 5:00 PM;SAAIDAL RAZALLI BIN AZZUHRI;Dewan Kuliah 1 FSKTM (280);60;0;LINK
WIA2004 - OPERATING SYSTEMS;3;TUTORIAL;7, 8, 9, 10, 11, 13, 14, 15, 16, 17, 18, 19, 20;Wednesday 10:00 AM - 12:00 PM;MUHAMMAD NUR FIRDAUS BIN SAHRAN;Makmal Stroustrup FSKTM (30);45;0;LINK
WIA2004 - OPERATING SYSTEMS;3;LECTURE;7, 8, 9, 10, 11, 13, 14, 15, 16, 17, 18, 19, 20;Monday 3:00 PM - 5:00 PM;SAAIDAL RAZALLI BIN AZZUHRI;Dewan Kuliah 1 FSKTM (280);45;0;LINK
WIA2004 - OPERATING SYSTEMS;4;TUTORIAL;7, 8, 9, 10, 11, 13, 14, 15, 16, 17, 18, 19, 20;Wednesday 1:00 PM - 3:00 PM;POR LIP YEE @ POR KHOON SUN;Makmal Lanjutan FSKTM (33);30;0;LINK
WIA2004 - OPERATING SYSTEMS;4;LECTURE;7, 8, 9, 10, 11, 13, 14, 15, 16, 17, 18, 19, 20;Monday 3:00 PM - 5:00 PM;SAAIDAL RAZALLI BIN AZZUHRI;Dewan Kuliah 1 FSKTM (280);30;0;LINK
WIA2004 - OPERATING SYSTEMS;5;TUTORIAL;7, 8, 9, 10, 11, 13, 14, 15, 16, 17, 18, 19, 20;Tuesday 1:00 PM - 3:00 PM;MUHAMMAD FAIZ BIN MOHD ZAKI;Makmal Lanjutan FSKTM (33);30;0;LINK
WIA2004 - OPERATING SYSTEMS;5;LECTURE;7, 8, 9, 10, 11, 13, 14, 15, 16, 17, 18, 19, 20;Monday 3:00 PM - 5:00 PM;FAZIDAH BINTI OTHMAN;Dewan Kuliah 2 FSKTM (280);30;0;LINK
WIA2004 - OPERATING SYSTEMS;6;TUTORIAL;7, 8, 9, 10, 11, 13, 14, 15, 16, 17, 18, 19, 20;Wednesday 10:00 AM - 12:00 PM;FAZIDAH BINTI OTHMAN;Makmal Mikro 2 FSKTM (37);24;0;LINK
WIA2004 - OPERATING SYSTEMS;6;LECTURE;7, 8, 9, 10, 11, 13, 14, 15, 16, 17, 18, 19, 20;Monday 3:00 PM - 5:00 PM;FAZIDAH BINTI OTHMAN;Dewan Kuliah 2 FSKTM (280);24;0;LINK
WIA2004 - OPERATING SYSTEMS;7;TUTORIAL;7, 8, 9, 10, 11, 13, 14, 15, 16, 17, 18, 19, 20;Tuesday 1:00 PM - 3:00 PM;MUHAMMAD NUR FIRDAUS BIN SAHRAN;Makmal Mikro 6 FSKTM (45);45;0;LINK
WIA2004 - OPERATING SYSTEMS;7;LECTURE;7, 8, 9, 10, 11, 13, 14, 15, 16, 17, 18, 19, 20;Monday 3:00 PM - 5:00 PM;FAZIDAH BINTI OTHMAN;Dewan Kuliah 2 FSKTM (280);45;0;LINK
WIA2004 - OPERATING SYSTEMS;8;TUTORIAL;7, 8, 9, 10, 11, 13, 14, 15, 16, 17, 18, 19, 20;Wednesday 4:00 PM - 6:00 PM;POR LIP YEE @ POR KHOON SUN;Makmal Mikro 2 FSKTM (37);24;0;LINK
WIA2004 - OPERATING SYSTEMS;8;LECTURE;7, 8, 9, 10, 11, 13, 14, 15, 16, 17, 18, 19, 20;Monday 3:00 PM - 5:00 PM;FAZIDAH BINTI OTHMAN;Dewan Kuliah 2 FSKTM (280);24;0;LINK
WIA2004 - OPERATING SYSTEMS;9;TUTORIAL;7, 8, 9, 10, 11, 13, 14, 15, 16, 17, 18, 19, 20;Wednesday 1:00 PM - 3:00 PM;FAZIDAH BINTI OTHMAN;Makmal Mikro 2 FSKTM (37);24;1;LINK
WIA2004 - OPERATING SYSTEMS;9;LECTURE;7, 8, 9, 10, 11, 13, 14, 15, 16, 17, 18, 19, 20;Monday 3:00 PM - 5:00 PM;FAZIDAH BINTI OTHMAN;Dewan Kuliah 2 FSKTM (280);24;1;LINK
WIA2005 - ALGORITHM DESIGN AND ANALYSIS;1;TUTORIAL;7, 8, 9, 10, 11, 13, 14, 15, 16, 17, 18, 19, 20;Thursday 9:00 AM - 11:00 AM;HAZRINA BINTI SOFIAN;Makmal Mikro 3 FSKTM (60);60;0;LINK
WIA2005 - ALGORITHM DESIGN AND ANALYSIS;1;LECTURE;7, 8, 9, 10, 11, 13, 14, 15, 16, 17, 18, 19, 20;Monday 11:00 AM - 1:00 PM;HAZRINA BINTI SOFIAN;Dewan Kuliah 1 FSKTM (280);60;0;LINK
WIA2005 - ALGORITHM DESIGN AND ANALYSIS;1RL;TUTORIAL;7, 8, 9, 10, 11, 13, 14, 15, 16, 17, 18, 19, 20;Thursday 12:00 PM - 2:00 PM;NUR NASUHA BINTI MOHD DAUD;N/A;5;1;LINK
WIA2005 - ALGORITHM DESIGN AND ANALYSIS;1RL;LECTURE;7, 8, 9, 10, 11, 13, 14, 15, 16, 17, 18, 19, 20;Monday 11:00 AM - 1:00 PM;HAZRINA BINTI SOFIAN;N/A;5;1;LINK
WIA2005 - ALGORITHM DESIGN AND ANALYSIS;2;TUTORIAL;7, 8, 9, 10, 11, 13, 14, 15, 16, 17, 18, 19, 20;Friday 3:00 PM - 5:00 PM;HEMA A/P SUBRAMANIAM;Makmal Mikro 1 FSKTM (50);50;0;LINK
WIA2005 - ALGORITHM DESIGN AND ANALYSIS;2;LECTURE;7, 8, 9, 10, 11, 13, 14, 15, 16, 17, 18, 19, 20;Monday 11:00 AM - 1:00 PM;HAZRINA BINTI SOFIAN;Dewan Kuliah 1 FSKTM (280);50;0;LINK
WIA2005 - ALGORITHM DESIGN AND ANALYSIS;3;TUTORIAL;7, 8, 9, 10, 11, 13, 14, 15, 16, 17, 18, 19, 20;Thursday 12:00 PM - 2:00 PM;NUR NASUHA BINTI MOHD DAUD;Makmal Mikro 2 FSKTM (37);24;3;LINK
WIA2005 - ALGORITHM DESIGN AND ANALYSIS;3;LECTURE;7, 8, 9, 10, 11, 13, 14, 15, 16, 17, 18, 19, 20;Monday 11:00 AM - 1:00 PM;HAZRINA BINTI SOFIAN;Dewan Kuliah 1 FSKTM (280);24;3;LINK
WIA2005 - ALGORITHM DESIGN AND ANALYSIS;4;TUTORIAL;7, 8, 9, 10, 11, 13, 14, 15, 16, 17, 18, 19, 20;Thursday 9:00 AM - 11:00 AM;NUR NASUHA BINTI MOHD DAUD;Makmal Mikro 1 FSKTM (50);50;0;LINK
WIA2005 - ALGORITHM DESIGN AND ANALYSIS;4;LECTURE;7, 8, 9, 10, 11, 13, 14, 15, 16, 17, 18, 19, 20;Monday 11:00 AM - 1:00 PM;HAZRINA BINTI SOFIAN;Dewan Kuliah 1 FSKTM (280);50;0;LINK
WIA2005 - ALGORITHM DESIGN AND ANALYSIS;5;TUTORIAL;7, 8, 9, 10, 11, 13, 14, 15, 16, 17, 18, 19, 20;Thursday 9:00 AM - 11:00 AM;ASMIZA BINTI ABDUL SANI;Makmal Mikro 4 FSKTM (60);60;0;LINK
WIA2005 - ALGORITHM DESIGN AND ANALYSIS;5;LECTURE;7, 8, 9, 10, 11, 13, 14, 15, 16, 17, 18, 19, 20;Monday 11:00 AM - 1:00 PM;ASMIZA BINTI ABDUL SANI;Dewan Kuliah 2 FSKTM (280);60;0;LINK
WIA2005 - ALGORITHM DESIGN AND ANALYSIS;6;TUTORIAL;7, 8, 9, 10, 11, 13, 14, 15, 16, 17, 18, 19, 20;Wednesday 4:00 PM - 6:00 PM;RAJA JAMILAH BINTI RAJA YUSOF;Bilik Kuliah 2 FSKTM (50);40;1;LINK
WIA2005 - ALGORITHM DESIGN AND ANALYSIS;6;LECTURE;7, 8, 9, 10, 11, 13, 14, 15, 16, 17, 18, 19, 20;Monday 11:00 AM - 1:00 PM;ASMIZA BINTI ABDUL SANI;Dewan Kuliah 2 FSKTM (280);40;1;LINK
WIA2005 - ALGORITHM DESIGN AND ANALYSIS;7;TUTORIAL;7, 8, 9, 10, 11, 13, 14, 15, 16, 17, 18, 19, 20;Thursday 12:00 PM - 2:00 PM;ASMIZA BINTI ABDUL SANI;Makmal Lanjutan FSKTM (33);30;1;LINK
WIA2005 - ALGORITHM DESIGN AND ANALYSIS;7;LECTURE;7, 8, 9, 10, 11, 13, 14, 15, 16, 17, 18, 19, 20;Monday 11:00 AM - 1:00 PM;ASMIZA BINTI ABDUL SANI;Dewan Kuliah 2 FSKTM (280);30;1;LINK
WIA2005 - ALGORITHM DESIGN AND ANALYSIS;8;TUTORIAL;7, 8, 9, 10, 11, 13, 14, 15, 16, 17, 18, 19, 20;Wednesday 1:00 PM - 3:00 PM;RAJA JAMILAH BINTI RAJA YUSOF;Bilik Kuliah 2 FSKTM (50);40;0;LINK
WIA2005 - ALGORITHM DESIGN AND ANALYSIS;8;LECTURE;7, 8, 9, 10, 11, 13, 14, 15, 16, 17, 18, 19, 20;Monday 11:00 AM - 1:00 PM;ASMIZA BINTI ABDUL SANI;Dewan Kuliah 2 FSKTM (280);40;0;LINK
WIA2008 - ADVANCED NETWORK TECHNOLOGY;1;LECTURE;7, 8, 9, 10, 11, 13, 14, 15, 16, 17, 18, 19, 20;Tuesday 9:00 AM - 11:00 AM;MUHAMMAD NUR FIRDAUS BIN SAHRAN;Makmal CCNA FSKTM (40) (EXAM);40;0;LINK
WIA2008 - ADVANCED NETWORK TECHNOLOGY;1;TUTORIAL;7, 8, 9, 10, 11, 13, 14, 15, 16, 17, 18, 19, 20;Friday 10:00 AM - 12:00 PM;MUHAMMAD NUR FIRDAUS BIN SAHRAN;Makmal CCNA FSKTM (40);40;0;LINK
WIA2009 - DIGITAL DESIGN AND HARDWARE DESCRIPTION LANGUAGE;1;LECTURE;7, 8, 9, 10, 11, 13, 14, 15, 16, 17, 18, 19, 20;Wednesday 10:00 AM - 12:00 PM;NOORZAILY BIN MOHAMED NOOR;Makmal Lanjutan FSKTM (33);30;1;LINK
WIA2009 - DIGITAL DESIGN AND HARDWARE DESCRIPTION LANGUAGE;1;TUTORIAL;7, 8, 9, 10, 11, 13, 14, 15, 16, 17, 18, 19, 20;Wednesday 9:00 AM - 10:00 AM;NOORZAILY BIN MOHAMED NOOR;Makmal Lanjutan FSKTM (33);30;1;LINK
WIA3001 - INDUSTRIAL TRAINING;1;LECTURE;N/A;N/A;HOO WAI LAM AZNUL QALID BIN MD SABRI
CHAN CHEE SENG
ERMA RAHAYU BINTI MOHD FAIZAL ABDULLAH
LIM CHEE KAU
LOO CHU KIONG
MUHAMMAD SHAHREEZA SAFIRUZ BIN KASSIM
NORISMA BINTI IDRIS
ROHANA BINTI MAHMUD
SITI SORAYA BINTI ABDUL RAHMAN
ZATI HAKIM BINTI AZIZUL HASAN
SAW SHIER NEE
NURUL BINTI JAPAR
Liew Shiung
ASMIZA BINTI ABDUL SANI
ADELEH ASEMI ZAVAREH
CHIEW THIAM KIAN
CHIAM YIN KIA
HAZRINA BINTI SOFIAN
HEMA A/P SUBRAMANIAM
MUMTAZ BEGUM BINTI PEER MUSTAFA
ONG SIM YING
RODINA BINTI AHMAD
RAJA JAMILAH BINTI RAJA YUSOF
SITI HAFIZAH BINTI AB HAMID
SU MOON TING
NUR NASUHA BINTI MOHD DAUD
MOHAMAD HAZIM BIN MD HANIF
AMIRRUDIN BIN KAMSIN
AINUDDIN WAHID BIN ABDUL WAHAB
HANNYZZURA BINTI PAL @ AFFAL
MAS IDAYU BINTI MD SABRI
MOHAMAD NIZAM BIN AYUB
NOR ANIZA BINTI ABDULLAH
NORNAZLITA BINTI HUSSIN
NURUL FAZMIDAR BINTI MOHD NOOR
AZAH ANIR BINTI NORMAN
KASTURI DEWI A/P VARATHAN
MAIZATUL AKMAR BINTI ISMAIL
NORJIHAN BINTI ABDUL GHANI
NOR LIYANA BT MOHD SHUIB
RIYAZ AHAMED ARIYALURAN HABEEB MOHAMED
SRI DEVI A/P RAVANA
SURAYA BINTI HAMID
VIMALA A/P BALAKRISHNAN
MOHD SHAHRUL NIZAM BIN MOHD DANURI
TUTUT HERAWAN
ANG TAN FONG
EMRAN BIN MOHD TAMIL
FAZIDAH BINTI OTHMAN
ISMAIL BIN AHMEDY
LIEW CHEE SUN
LING TECK CHAW
MISS LAIHA BINTI MAT KIAH
MOHD YAMANI IDNA BIN IDRIS
NOR BADRUL ANUAR BIN JUMA'AT
MUHAMMAD NUR FIRDAUS BIN SAHRAN
BRYAN RAJ A/L PETER JABARAJ
Burhan Khan
NOORZAILY BIN MOHAMED NOOR
POR LIP YEE @ POR KHOON SUN
RAFIDAH BINTI MD NOOR
ROSLI BIN SALLEH
SAAIDAL RAZALLI BIN AZZUHRI
SUZAN JABBAR OBAIYS
MUHAMMAD FAIZ BIN MOHD ZAKI;N/A;999;2;LINK
WIA3002 - ACADEMIC PROJECT I;1;LECTURE;N/A;N/A;HANNYZZURA BINTI PAL @ AFFAL AZNUL QALID BIN MD SABRI
CHAN CHEE SENG
ERMA RAHAYU BINTI MOHD FAIZAL ABDULLAH
LIM CHEE KAU
LOO CHU KIONG
MUHAMMAD SHAHREEZA SAFIRUZ BIN KASSIM
NORISMA BINTI IDRIS
ROHANA BINTI MAHMUD
SITI SORAYA BINTI ABDUL RAHMAN
UNAIZAH HANUM BINTI OBAIDELLAH
ZATI HAKIM BINTI AZIZUL HASAN
SAW SHIER NEE
NURUL BINTI JAPAR
Liew Shiung
ASMIZA BINTI ABDUL SANI
ADELEH ASEMI ZAVAREH
CHIEW THIAM KIAN
CHIAM YIN KIA
HAZRINA BINTI SOFIAN
HEMA A/P SUBRAMANIAM
MUMTAZ BEGUM BINTI PEER MUSTAFA
NAZEAN BINTI JOMHARI
ONG SIM YING
RODINA BINTI AHMAD
RAJA JAMILAH BINTI RAJA YUSOF
SITI HAFIZAH BINTI AB HAMID
SU MOON TING
NUR NASUHA BINTI MOHD DAUD
MOHAMAD HAZIM BIN MD HANIF
AMIRRUDIN BIN KAMSIN
AINUDDIN WAHID BIN ABDUL WAHAB
MAS IDAYU BINTI MD SABRI
MOHAMAD NIZAM BIN AYUB
NOR ANIZA BINTI ABDULLAH
NORNAZLITA BINTI HUSSIN
NURUL FAZMIDAR BINTI MOHD NOOR
AZAH ANIR BINTI NORMAN
HOO WAI LAM
KASTURI DEWI A/P VARATHAN
MAIZATUL AKMAR BINTI ISMAIL
NORJIHAN BINTI ABDUL GHANI
NOR LIYANA BT MOHD SHUIB
RIYAZ AHAMED ARIYALURAN HABEEB MOHAMED
SRI DEVI A/P RAVANA
SURAYA BINTI HAMID
TEH YING WAH
VIMALA A/P BALAKRISHNAN
MOHD SHAHRUL NIZAM BIN MOHD DANURI
TUTUT HERAWAN
ANG TAN FONG
EMRAN BIN MOHD TAMIL
FAZIDAH BINTI OTHMAN
ISMAIL BIN AHMEDY
LIEW CHEE SUN
LING TECK CHAW
MISS LAIHA BINTI MAT KIAH
MOHD YAMANI IDNA BIN IDRIS
NOR BADRUL ANUAR BIN JUMA'AT
MUHAMMAD NUR FIRDAUS BIN SAHRAN
BRYAN RAJ A/L PETER JABARAJ
Burhan Khan
NOORZAILY BIN MOHAMED NOOR
POR LIP YEE @ POR KHOON SUN
RAFIDAH BINTI MD NOOR
ROSLI BIN SALLEH
SAAIDAL RAZALLI BIN AZZUHRI
TEY KOK SOON
SUZAN JABBAR OBAIYS
MUHAMMAD FAIZ BIN MOHD ZAKI;N/A;999;86;LINK
WIA3003 - ACADEMIC PROJECT II;1;LECTURE;N/A;N/A;HANNYZZURA BINTI PAL @ AFFAL AZNUL QALID BIN MD SABRI
CHAN CHEE SENG
ERMA RAHAYU BINTI MOHD FAIZAL ABDULLAH
LIM CHEE KAU
LOO CHU KIONG
MUHAMMAD SHAHREEZA SAFIRUZ BIN KASSIM
NORISMA BINTI IDRIS
ROHANA BINTI MAHMUD
SITI SORAYA BINTI ABDUL RAHMAN
UNAIZAH HANUM BINTI OBAIDELLAH
ZATI HAKIM BINTI AZIZUL HASAN
SAW SHIER NEE
NURUL BINTI JAPAR
Liew Shiung
ASMIZA BINTI ABDUL SANI
ADELEH ASEMI ZAVAREH
CHIEW THIAM KIAN
CHIAM YIN KIA
HAZRINA BINTI SOFIAN
HEMA A/P SUBRAMANIAM
MUMTAZ BEGUM BINTI PEER MUSTAFA
NAZEAN BINTI JOMHARI
ONG SIM YING
RODINA BINTI AHMAD
RAJA JAMILAH BINTI RAJA YUSOF
SITI HAFIZAH BINTI AB HAMID
SU MOON TING
NUR NASUHA BINTI MOHD DAUD
MOHAMAD HAZIM BIN MD HANIF
AMIRRUDIN BIN KAMSIN
AINUDDIN WAHID BIN ABDUL WAHAB
MAS IDAYU BINTI MD SABRI
MOHAMAD NIZAM BIN AYUB
NOR ANIZA BINTI ABDULLAH
NORNAZLITA BINTI HUSSIN
NURUL FAZMIDAR BINTI MOHD NOOR
AZAH ANIR BINTI NORMAN
HOO WAI LAM
KASTURI DEWI A/P VARATHAN
MAIZATUL AKMAR BINTI ISMAIL
NORJIHAN BINTI ABDUL GHANI
NOR LIYANA BT MOHD SHUIB
RIYAZ AHAMED ARIYALURAN HABEEB MOHAMED
SRI DEVI A/P RAVANA
SURAYA BINTI HAMID
TEH YING WAH
VIMALA A/P BALAKRISHNAN
MOHD SHAHRUL NIZAM BIN MOHD DANURI
TUTUT HERAWAN
ANG TAN FONG
EMRAN BIN MOHD TAMIL
FAZIDAH BINTI OTHMAN
ISMAIL BIN AHMEDY
LIEW CHEE SUN
LING TECK CHAW
MISS LAIHA BINTI MAT KIAH
MOHD YAMANI IDNA BIN IDRIS
NOR BADRUL ANUAR BIN JUMA'AT
MUHAMMAD NUR FIRDAUS BIN SAHRAN
BRYAN RAJ A/L PETER JABARAJ
Burhan Khan
NOORZAILY BIN MOHAMED NOOR
POR LIP YEE @ POR KHOON SUN
RAFIDAH BINTI MD NOOR
ROSLI BIN SALLEH
SAAIDAL RAZALLI BIN AZZUHRI
TEY KOK SOON
SUZAN JABBAR OBAIYS
MUHAMMAD FAIZ BIN MOHD ZAKI;N/A;999;8;LINK
WIB3001 - INDUSTRIAL TRAINING;1;LECTURE;N/A;N/A;HOO WAI LAM AMIRRUDIN BIN KAMSIN
AINUDDIN WAHID BIN ABDUL WAHAB
HANNYZZURA BINTI PAL @ AFFAL
MAS IDAYU BINTI MD SABRI
MOHAMAD NIZAM BIN AYUB
NOR ANIZA BINTI ABDULLAH
NORNAZLITA BINTI HUSSIN
NURUL FAZMIDAR BINTI MOHD NOOR
SUZAN JABBAR OBAIYS;N/A;999;1;LINK
WIB3002 - ACADEMIC PROJECT I;1;LECTURE;N/A;N/A;HANNYZZURA BINTI PAL @ AFFAL AMIRRUDIN BIN KAMSIN
AINUDDIN WAHID BIN ABDUL WAHAB
MAS IDAYU BINTI MD SABRI
MOHAMAD NIZAM BIN AYUB
NOR ANIZA BINTI ABDULLAH
NORNAZLITA BINTI HUSSIN
NURUL FAZMIDAR BINTI MOHD NOOR
SUZAN JABBAR OBAIYS;N/A;999;0;LINK
WIB3003 - ACADEMIC PROJECT II;1;LECTURE;N/A;N/A;HANNYZZURA BINTI PAL @ AFFAL AMIRRUDIN BIN KAMSIN
AINUDDIN WAHID BIN ABDUL WAHAB
MAS IDAYU BINTI MD SABRI
MOHAMAD NIZAM BIN AYUB
NOR ANIZA BINTI ABDULLAH
NORNAZLITA BINTI HUSSIN
NURUL FAZMIDAR BINTI MOHD NOOR
SUZAN JABBAR OBAIYS;N/A;999;0;LINK
WIC2001 - ADVANCED NETWORK TECHNOLOGY;1;LECTURE;7, 8, 9, 10, 11, 13, 14, 15, 16, 17, 18, 19, 20;Tuesday 9:00 AM - 11:00 AM;MUHAMMAD NUR FIRDAUS BIN SAHRAN;Makmal CCNA FSKTM (40);5;1;LINK
WIC2001 - ADVANCED NETWORK TECHNOLOGY;1;TUTORIAL;7, 8, 9, 10, 11, 13, 14, 15, 16, 17, 18, 19, 20;Friday 10:00 AM - 12:00 PM;MUHAMMAD NUR FIRDAUS BIN SAHRAN;Makmal CCNA FSKTM (40);5;1;LINK
WIC2002 - NETWORK SECURITY;1;LECTURE;7, 8, 9, 10, 11, 13, 14, 15, 16, 17, 18, 19, 20;Friday 3:00 PM - 5:00 PM;ROSLI BIN SALLEH;Makmal CCNA FSKTM (40);40;4;LINK
WIC2002 - NETWORK SECURITY;1;TUTORIAL;7, 8, 9, 10, 11, 13, 14, 15, 16, 17, 18, 19, 20;Tuesday 12:00 PM - 1:00 PM;ROSLI BIN SALLEH;Makmal CCNA FSKTM (40);40;4;LINK
WIC2003 - DIGITAL DESIGN AND HARDWARE DESCRIPTION LANGUAGE;1;LECTURE;7, 8, 9, 10, 11, 13, 14, 15, 16, 17, 18, 19, 20;Wednesday 10:00 AM - 12:00 PM;NOORZAILY BIN MOHAMED NOOR;Makmal Lanjutan FSKTM (33);7;1;LINK
WIC2003 - DIGITAL DESIGN AND HARDWARE DESCRIPTION LANGUAGE;1;TUTORIAL;7, 8, 9, 10, 11, 13, 14, 15, 16, 17, 18, 19, 20;Wednesday 9:00 AM - 10:00 AM;NOORZAILY BIN MOHAMED NOOR;Makmal Lanjutan FSKTM (33);7;1;LINK
WIC2006 - DIGITAL FORENSIC;1;LECTURE;7, 8, 9, 10, 11, 13, 14, 15, 16, 17, 18, 19, 20;Tuesday 2:00 PM - 4:00 PM;Burhan Khan;Makmal Mikro 4 FSKTM (60);40;8;LINK
WIC2006 - DIGITAL FORENSIC;1;TUTORIAL;7, 8, 9, 10, 11, 13, 14, 15, 16, 17, 18, 19, 20;Thursday 11:00 AM - 12:00 PM;Burhan Khan;Makmal Stroustrup FSKTM (30);40;8;LINK
WIC2007 - CYBER SECURITY;1;LECTURE;7, 8, 9, 10, 11, 13, 14, 15, 16, 17, 18, 19, 20;Tuesday 4:00 PM - 6:00 PM;MUHAMMAD FAIZ BIN MOHD ZAKI;Makmal Mikro 4 FSKTM (60);60;10;LINK
WIC2007 - CYBER SECURITY;1;TUTORIAL;7, 8, 9, 10, 11, 13, 14, 15, 16, 17, 18, 19, 20;Friday 9:00 AM - 10:00 AM;MUHAMMAD FAIZ BIN MOHD ZAKI;Makmal Mikro 4 FSKTM (60);60;10;LINK
WIC2008 - INTERNET OF THINGS;1;LECTURE;7, 8, 9, 10, 11, 13, 14, 15, 16, 17, 18, 19, 20;Wednesday 3:00 PM - 6:00 PM;MOHD YAMANI IDNA BIN IDRIS;Makmal Mikro 4 FSKTM (60);60;51;LINK
WIC2008 - INTERNET OF THINGS;1RL;ONLINE;7, 8, 9, 10, 11, 13, 14, 15, 16, 17, 18, 19, 20;Wednesday 3:00 PM - 6:00 PM;EMRAN BIN MOHD TAMIL;N/A;5;2;LINK
WIC2008 - INTERNET OF THINGS;2;LECTURE;7, 8, 9, 10, 11, 13, 14, 15, 16, 17, 18, 19, 20;Wednesday 3:00 PM - 6:00 PM;EMRAN BIN MOHD TAMIL;Makmal Stroustrup FSKTM (30);40;40;LINK
WIC3001 - MATHEMATICS IN NETWORKING;1;LECTURE;7, 8, 9, 10, 11, 13, 14, 15, 16, 17, 18, 19, 20;Wednesday 1:00 PM - 3:00 PM;ISMAIL BIN AHMEDY;Makmal Mikro 6 FSKTM (45);50;19;LINK
WIC3001 - MATHEMATICS IN NETWORKING;1;TUTORIAL;7, 8, 9, 10, 11, 13, 14, 15, 16, 17, 18, 19, 20;Friday 11:00 AM - 12:00 PM;ISMAIL BIN AHMEDY;Makmal Mikro 4 FSKTM (60);50;19;LINK
WIC3003 - EMBEDDED SYSTEM PROGRAMMING;1;LECTURE;7, 8, 9, 10, 11, 13, 14, 15, 16, 17, 18, 19, 20;Friday 3:00 PM - 6:00 PM;EMRAN BIN MOHD TAMIL;Makmal Mikro 4 FSKTM (60);50;14;LINK
WIC3006 - MOBILE COMPUTING;1;LECTURE;7, 8, 9, 10, 11, 13, 14, 15, 16, 17, 18, 19, 20;Monday 3:00 PM - 5:00 PM;BRYAN RAJ A/L PETER JABARAJ;Makmal Mikro 3 FSKTM (60);50;25;LINK
WIC3006 - MOBILE COMPUTING;1;TUTORIAL;7, 8, 9, 10, 11, 13, 14, 15, 16, 17, 18, 19, 20;Thursday 4:00 PM - 5:00 PM;BRYAN RAJ A/L PETER JABARAJ;Makmal Mikro 1 FSKTM (50);50;25;LINK
WIC3006 - MOBILE COMPUTING;1M;LECTURE;7, 8, 9, 10, 11, 13, 14, 15, 16, 17, 18, 19, 20;Monday 3:00 PM - 5:00 PM;BRYAN RAJ A/L PETER JABARAJ;Makmal Mikro 3 FSKTM (60);10;0;LINK
WIC3006 - MOBILE COMPUTING;1M;TUTORIAL;7, 8, 9, 10, 11, 13, 14, 15, 16, 17, 18, 19, 20;Thursday 4:00 PM - 5:00 PM;BRYAN RAJ A/L PETER JABARAJ;Makmal Mikro 1 FSKTM (50);10;0;LINK
WIC3007 - PRINCIPLES OF DISTRIBUTED SYSTEMS;1;LECTURE;7, 8, 9, 10, 11, 13, 14, 15, 16, 17, 18, 19, 20;Monday 9:00 AM - 11:00 AM;LIEW CHEE SUN;Makmal Mikro 4 FSKTM (60);50;21;LINK
WIC3007 - PRINCIPLES OF DISTRIBUTED SYSTEMS;1;TUTORIAL;7, 8, 9, 10, 11, 13, 14, 15, 16, 17, 18, 19, 20;Thursday 3:00 PM - 4:00 PM;LIEW CHEE SUN;Makmal Mikro 1 FSKTM (50);50;21;LINK
WIC3008 - MICROPROCESSOR;1;LECTURE;7, 8, 9, 10, 11, 13, 14, 15, 16, 17, 18, 19, 20;Monday 1:00 PM - 3:00 PM;EMRAN BIN MOHD TAMIL;Makmal Mikro 3 FSKTM (60);40;22;LINK
WIC3008 - MICROPROCESSOR;1;TUTORIAL;7, 8, 9, 10, 11, 13, 14, 15, 16, 17, 18, 19, 20;Thursday 10:00 AM - 11:00 AM;EMRAN BIN MOHD TAMIL;Makmal Stroustrup FSKTM (30);40;22;LINK
WID2001 - KNOWLEDGE REPRESENTATION AND REASONING;1;TUTORIAL;7, 8, 9, 10, 11, 13, 14, 15, 16, 17, 18, 19, 20;Thursday 2:00 PM - 3:00 PM;SITI SORAYA BINTI ABDUL RAHMAN;Bilik Kuliah 2 FSKTM (50);40;10;LINK
WID2001 - KNOWLEDGE REPRESENTATION AND REASONING;1;LECTURE;7, 8, 9, 10, 11, 13, 14, 15, 16, 17, 18, 19, 20;Tuesday 2:00 PM - 4:00 PM;SITI SORAYA BINTI ABDUL RAHMAN;Dewan Kuliah 2 FSKTM (280);40;10;LINK
WID2001 - KNOWLEDGE REPRESENTATION AND REASONING;1RL;ONLINE;7, 8, 9, 10, 11, 13, 14, 15, 16, 17, 18, 19, 20;Thursday 4:00 PM - 5:00 PM;SITI SORAYA BINTI ABDUL RAHMAN;N/A;5;0;LINK
WID2001 - KNOWLEDGE REPRESENTATION AND REASONING;1RL;ONLINE;7, 8, 9, 10, 11, 13, 14, 15, 16, 17, 18, 19, 20;Tuesday 2:00 PM - 4:00 PM;SITI SORAYA BINTI ABDUL RAHMAN;N/A;5;0;LINK
WID2001 - KNOWLEDGE REPRESENTATION AND REASONING;2;TUTORIAL;7, 8, 9, 10, 11, 13, 14, 15, 16, 17, 18, 19, 20;Thursday 4:00 PM - 5:00 PM;SITI SORAYA BINTI ABDUL RAHMAN;Bilik Kuliah FSKTM (75);60;13;LINK
WID2001 - KNOWLEDGE REPRESENTATION AND REASONING;2;LECTURE;7, 8, 9, 10, 11, 13, 14, 15, 16, 17, 18, 19, 20;Tuesday 2:00 PM - 4:00 PM;SITI SORAYA BINTI ABDUL RAHMAN;Dewan Kuliah 2 FSKTM (280);60;13;LINK
WID2002 - COMPUTING MATHS II;1;TUTORIAL;7, 8, 9, 10, 11, 13, 14, 15, 16, 17, 18, 19, 20;Thursday 10:00 AM - 11:00 AM;SAW SHIER NEE;Bilik Kuliah FSKTM (75);50;8;LINK
WID2002 - COMPUTING MATHS II;1;LECTURE;7, 8, 9, 10, 11, 13, 14, 15, 16, 17, 18, 19, 20;Wednesday 3:00 PM - 5:00 PM;SAW SHIER NEE;Dewan Kuliah 1 FSKTM (280);50;8;LINK
WID2002 - COMPUTING MATHS II;1RL;ONLINE;7, 8, 9, 10, 11, 13, 14, 15, 16, 17, 18, 19, 20;Thursday 1:00 PM - 2:00 PM;SAW SHIER NEE;N/A;5;0;LINK
WID2002 - COMPUTING MATHS II;1RL;ONLINE;7, 8, 9, 10, 11, 13, 14, 15, 16, 17, 18, 19, 20;Wednesday 3:00 PM - 5:00 PM;SAW SHIER NEE;N/A;5;0;LINK
WID2002 - COMPUTING MATHS II;2;TUTORIAL;7, 8, 9, 10, 11, 13, 14, 15, 16, 17, 18, 19, 20;Thursday 1:00 PM - 2:00 PM;SAW SHIER NEE;Bilik Kuliah FSKTM (75);50;9;LINK
WID2002 - COMPUTING MATHS II;2;LECTURE;7, 8, 9, 10, 11, 13, 14, 15, 16, 17, 18, 19, 20;Wednesday 3:00 PM - 5:00 PM;SAW SHIER NEE;Dewan Kuliah 1 FSKTM (280);50;9;LINK
WID2003 - COGNITIVE SCIENCE;1;TUTORIAL;7, 8, 9, 10, 11, 13, 14, 15, 16, 17, 18, 19, 20;Thursday 11:00 AM - 12:00 PM;ERMA RAHAYU BINTI MOHD FAIZAL ABDULLAH;Bilik Kuliah FSKTM (75);50;4;LINK
WID2003 - COGNITIVE SCIENCE;1;LECTURE;7, 8, 9, 10, 11, 13, 14, 15, 16, 17, 18, 19, 20;Wednesday 11:00 AM - 1:00 PM;ERMA RAHAYU BINTI MOHD FAIZAL ABDULLAH;Dewan Kuliah 2 FSKTM (280);50;4;LINK
WID2003 - COGNITIVE SCIENCE;1M;TUTORIAL;7, 8, 9, 10, 11, 13, 14, 15, 16, 17, 18, 19, 20;Thursday 11:00 AM - 12:00 PM;ERMA RAHAYU BINTI MOHD FAIZAL ABDULLAH;Bilik Kuliah FSKTM (75);10;10;LINK
WID2003 - COGNITIVE SCIENCE;1M;LECTURE;7, 8, 9, 10, 11, 13, 14, 15, 16, 17, 18, 19, 20;Wednesday 11:00 AM - 1:00 PM;ERMA RAHAYU BINTI MOHD FAIZAL ABDULLAH;Dewan Kuliah 2 FSKTM (280);10;10;LINK
WID2003 - COGNITIVE SCIENCE;1RL;ONLINE;7, 8, 9, 10, 11, 13, 14, 15, 16, 17, 18, 19, 20;Thursday 12:00 PM - 1:00 PM;ERMA RAHAYU BINTI MOHD FAIZAL ABDULLAH;N/A;5;0;LINK
WID2003 - COGNITIVE SCIENCE;1RL;ONLINE;7, 8, 9, 10, 11, 13, 14, 15, 16, 17, 18, 19, 20;Wednesday 11:00 AM - 1:00 PM;ERMA RAHAYU BINTI MOHD FAIZAL ABDULLAH;N/A;5;0;LINK
WID2003 - COGNITIVE SCIENCE;2;TUTORIAL;7, 8, 9, 10, 11, 13, 14, 15, 16, 17, 18, 19, 20;Thursday 12:00 PM - 1:00 PM;ERMA RAHAYU BINTI MOHD FAIZAL ABDULLAH;Bilik Kuliah FSKTM (75);50;1;LINK
WID2003 - COGNITIVE SCIENCE;2;LECTURE;7, 8, 9, 10, 11, 13, 14, 15, 16, 17, 18, 19, 20;Wednesday 11:00 AM - 1:00 PM;ERMA RAHAYU BINTI MOHD FAIZAL ABDULLAH;Dewan Kuliah 2 FSKTM (280);50;1;LINK
WID3001 - FUNCTIONAL AND LOGIC PROGRAMMING;1;LECTURE;7, 8, 9, 10, 11, 13, 14, 15, 16, 17, 18, 19, 20;Monday 9:00 AM - 11:00 AM;SITI SORAYA BINTI ABDUL RAHMAN;Makmal Mikro 1 FSKTM (50);50;50;LINK
WID3001 - FUNCTIONAL AND LOGIC PROGRAMMING;1;TUTORIAL;7, 8, 9, 10, 11, 13, 14, 15, 16, 17, 18, 19, 20;Wednesday 11:00 AM - 12:00 PM;SITI SORAYA BINTI ABDUL RAHMAN;Bilik Kuliah 2 FSKTM (50);50;50;LINK
WID3001 - FUNCTIONAL AND LOGIC PROGRAMMING;1RL;ONLINE;7, 8, 9, 10, 11, 13, 14, 15, 16, 17, 18, 19, 20;Monday 9:00 AM - 11:00 AM;SITI SORAYA BINTI ABDUL RAHMAN;N/A;5;2;LINK
WID3001 - FUNCTIONAL AND LOGIC PROGRAMMING;1RL;ONLINE;7, 8, 9, 10, 11, 13, 14, 15, 16, 17, 18, 19, 20;Wednesday 11:00 AM - 12:00 PM;SITI SORAYA BINTI ABDUL RAHMAN;N/A;5;2;LINK
WID3002 - NATURAL LANGUAGE PROCESSING;1;TUTORIAL;7, 8, 9, 10, 11, 13, 14, 15, 16, 17, 18, 19, 20;Thursday 2:00 PM - 3:00 PM;NORISMA BINTI IDRIS;Bilik Kuliah FSKTM (75);50;50;LINK
WID3002 - NATURAL LANGUAGE PROCESSING;1;TUTORIAL;7, 8, 9, 10, 11, 13, 14, 15, 16, 17, 18, 19, 20;Wednesday 1:00 PM - 3:00 PM;NORISMA BINTI IDRIS;Dewan Kuliah 2 FSKTM (280);50;50;LINK
WID3002 - NATURAL LANGUAGE PROCESSING;1RL;ONLINE;7, 8, 9, 10, 11, 13, 14, 15, 16, 17, 18, 19, 20;Thursday 2:00 PM - 3:00 PM;NORISMA BINTI IDRIS;N/A;5;0;LINK
WID3002 - NATURAL LANGUAGE PROCESSING;1RL;ONLINE;7, 8, 9, 10, 11, 13, 14, 15, 16, 17, 18, 19, 20;Wednesday 1:00 PM - 3:00 PM;NORISMA BINTI IDRIS;N/A;5;0;LINK
WID3002 - NATURAL LANGUAGE PROCESSING;2;TUTORIAL;7, 8, 9, 10, 11, 13, 14, 15, 16, 17, 18, 19, 20;Thursday 3:00 PM - 4:00 PM;NORISMA BINTI IDRIS;Bilik Kuliah FSKTM (75);50;23;LINK
WID3002 - NATURAL LANGUAGE PROCESSING;2;LECTURE;7, 8, 9, 10, 11, 13, 14, 15, 16, 17, 18, 19, 20;Wednesday 1:00 PM - 3:00 PM;NORISMA BINTI IDRIS;Dewan Kuliah 2 FSKTM (280);50;23;LINK
WID3004 - NUMERICAL METHODS;1;LECTURE;7, 8, 9, 10, 11, 13, 14, 15, 16, 17, 18, 19, 20;Tuesday 11:00 AM - 1:00 PM;SUZAN JABBAR OBAIYS;Makmal Mikro 4 FSKTM (60);30;3;LINK
WID3004 - NUMERICAL METHODS;1;TUTORIAL;7, 8, 9, 10, 11, 13, 14, 15, 16, 17, 18, 19, 20;Thursday 10:00 AM - 11:00 AM;SUZAN JABBAR OBAIYS;Bilik Kuliah FSKTM (75);30;3;LINK
WID3005 - INTELLIGENT ROBOTICS;1;LECTURE;7, 8, 9, 10, 11, 13, 14, 15, 16, 17, 18, 19, 20;Wednesday 9:00 AM - 11:00 AM;ZATI HAKIM BINTI AZIZUL HASAN;Bilik Kuliah 2 FSKTM (50);20;2;LINK
WID3005 - INTELLIGENT ROBOTICS;1;TUTORIAL;7, 8, 9, 10, 11, 13, 14, 15, 16, 17, 18, 19, 20;Friday 3:00 PM - 4:00 PM;ZATI HAKIM BINTI AZIZUL HASAN;Bilik Kuliah 2 FSKTM (50);20;2;LINK
WID3006 - MACHINE LEARNING;1;LECTURE;7, 8, 9, 10, 11, 13, 14, 15, 16, 17, 18, 19, 20;Tuesday 12:00 PM - 2:00 PM;AFIZAN BIN AZMAN;Dewan Kuliah 1 FSKTM (280);50;0;LINK
WID3006 - MACHINE LEARNING;1;TUTORIAL;7, 8, 9, 10, 11, 13, 14, 15, 16, 17, 18, 19, 20;Tuesday 4:00 PM - 5:00 PM;AFIZAN BIN AZMAN;Makmal Mikro 3 FSKTM (60);50;0;LINK
WID3010 - AUTONOMOUS ROBOTS;1;LECTURE;7, 8, 9, 10, 11, 13, 14, 15, 16, 17, 18, 19, 20;Wednesday 9:00 AM - 11:00 AM;ZATI HAKIM BINTI AZIZUL HASAN;Bilik Kuliah 2 FSKTM (50);60;60;LINK
WID3010 - AUTONOMOUS ROBOTS;1;TUTORIAL;7, 8, 9, 10, 11, 13, 14, 15, 16, 17, 18, 19, 20;Friday 4:00 PM - 5:00 PM;ZATI HAKIM BINTI AZIZUL HASAN;Bilik Kuliah 2 FSKTM (50);60;60;LINK
WID3010 - AUTONOMOUS ROBOTS;1RL;ONLINE;7, 8, 9, 10, 11, 13, 14, 15, 16, 17, 18, 19, 20;Wednesday 9:00 AM - 11:00 AM;ZATI HAKIM BINTI AZIZUL HASAN;N/A;5;4;LINK
WID3010 - AUTONOMOUS ROBOTS;1RL;ONLINE;7, 8, 9, 10, 11, 13, 14, 15, 16, 17, 18, 19, 20;Friday 4:00 PM - 5:00 PM;ZATI HAKIM BINTI AZIZUL HASAN;N/A;5;4;LINK
WID3015 - NUMERICAL ANALYSIS;1;LECTURE;7, 8, 9, 10, 11, 13, 14, 15, 16, 17, 18, 19, 20;Tuesday 11:00 AM - 1:00 PM;SUZAN JABBAR OBAIYS;Makmal Mikro 4 FSKTM (60);20;20;LINK
WID3015 - NUMERICAL ANALYSIS;1;TUTORIAL;7, 8, 9, 10, 11, 13, 14, 15, 16, 17, 18, 19, 20;Thursday 10:00 AM - 11:00 AM;SUZAN JABBAR OBAIYS;Bilik Kuliah FSKTM (75);20;20;LINK
WIE2001 - TRENDS IN INFORMATION SYSTEMS;1;LECTURE;7, 8, 9, 10, 11, 13, 14, 15, 16, 17, 18, 19, 20;Tuesday 9:00 AM - 11:00 AM;TUTUT HERAWAN;Makmal Mikro 1 FSKTM (50);50;13;LINK
WIE2001 - TRENDS IN INFORMATION SYSTEMS;1;TUTORIAL;7, 8, 9, 10, 11, 13, 14, 15, 16, 17, 18, 19, 20;Friday 11:00 AM - 12:00 PM;TUTUT HERAWAN;Makmal Mikro 1 FSKTM (50);50;13;LINK
WIE2002 - OPEN SOURCE PROGRAMMING: APPLICATIONS AND TECHNOLOGY;1;LECTURE;7, 8, 9, 10, 11, 13, 14, 15, 16, 17, 18, 19, 20;Monday 1:00 PM - 3:00 PM;KASTURI DEWI A/P VARATHAN;Makmal Mikro 1 FSKTM (50);40;1;LINK
WIE2002 - OPEN SOURCE PROGRAMMING: APPLICATIONS AND TECHNOLOGY;1;TUTORIAL;7, 8, 9, 10, 11, 13, 14, 15, 16, 17, 18, 19, 20;Tuesday 3:00 PM - 4:00 PM;KASTURI DEWI A/P VARATHAN;Makmal Mikro 1 FSKTM (50);40;1;LINK
WIE2002 - OPEN SOURCE PROGRAMMING: APPLICATIONS AND TECHNOLOGY;1M;LECTURE;7, 8, 9, 10, 11, 13, 14, 15, 16, 17, 18, 19, 20;Monday 1:00 PM - 3:00 PM;KASTURI DEWI A/P VARATHAN;Makmal Mikro 1 FSKTM (50);10;1;LINK
WIE2002 - OPEN SOURCE PROGRAMMING: APPLICATIONS AND TECHNOLOGY;1M;TUTORIAL;7, 8, 9, 10, 11, 13, 14, 15, 16, 17, 18, 19, 20;Tuesday 3:00 PM - 4:00 PM;KASTURI DEWI A/P VARATHAN;Makmal Mikro 1 FSKTM (50);10;1;LINK
WIE2003 - INTRODUCTION TO DATA SCIENCE;1;TUTORIAL;7, 8, 9, 10, 11, 13, 14, 15, 16, 17, 18, 19, 20;Thursday 1:00 PM - 2:00 PM;MAIZATUL AKMAR BINTI ISMAIL;Dewan Kuliah 2 FSKTM (280);50;8;LINK
WIE2003 - INTRODUCTION TO DATA SCIENCE;1;LECTURE;7, 8, 9, 10, 11, 13, 14, 15, 16, 17, 18, 19, 20;Wednesday 9:00 AM - 11:00 AM;MAIZATUL AKMAR BINTI ISMAIL;Dewan Kuliah 1 FSKTM (280);50;8;LINK
WIE2003 - INTRODUCTION TO DATA SCIENCE;2;TUTORIAL;7, 8, 9, 10, 11, 13, 14, 15, 16, 17, 18, 19, 20;Thursday 2:00 PM - 3:00 PM;MAIZATUL AKMAR BINTI ISMAIL;Dewan Kuliah 2 FSKTM (280);50;9;LINK
WIE2003 - INTRODUCTION TO DATA SCIENCE;2;LECTURE;7, 8, 9, 10, 11, 13, 14, 15, 16, 17, 18, 19, 20;Wednesday 9:00 AM - 11:00 AM;MAIZATUL AKMAR BINTI ISMAIL;Dewan Kuliah 1 FSKTM (280);50;9;LINK
WIE2005 - INFORMATION RETRIEVAL AND WEB SEARCH;1;LECTURE;7, 8, 9, 10, 11, 13, 14, 15, 16, 17, 18, 19, 20;Tuesday 11:00 AM - 1:00 PM;SRI DEVI A/P RAVANA;Makmal Mikro 3 FSKTM (60);30;6;LINK
WIE2005 - INFORMATION RETRIEVAL AND WEB SEARCH;1;TUTORIAL;7, 8, 9, 10, 11, 13, 14, 15, 16, 17, 18, 19, 20;Wednesday 12:00 PM - 1:00 PM;SRI DEVI A/P RAVANA;Makmal Mikro 3 FSKTM (60);30;6;LINK
WIE3002 - ELECTRONIC COMMERCE;1;LECTURE;7, 8, 9, 10, 11, 13, 14, 15, 16, 17, 18, 19, 20;Wednesday 9:00 AM - 12:00 PM;SURAYA BINTI HAMID;Bilik Kuliah FSKTM (75);50;0;LINK
WIE3002 - ELECTRONIC COMMERCE;1M;LECTURE;7, 8, 9, 10, 11, 13, 14, 15, 16, 17, 18, 19, 20;Wednesday 9:00 AM - 12:00 PM;SURAYA BINTI HAMID;Bilik Kuliah FSKTM (75);10;10;LINK
WIE3003 - INFORMATION SYSTEM CONTROL AND SECURITY;1;LECTURE;7, 8, 9, 10, 11, 13, 14, 15, 16, 17, 18, 19, 20;Thursday 3:00 PM - 6:00 PM;AZAH ANIR BINTI NORMAN;Bilik Kuliah 2 FSKTM (50);40;0;LINK
WIE3004 - INFORMATION RETRIEVAL;1;LECTURE;7, 8, 9, 10, 11, 13, 14, 15, 16, 17, 18, 19, 20;Tuesday 11:00 AM - 1:00 PM;SRI DEVI A/P RAVANA;Makmal Mikro 3 FSKTM (60);30;1;LINK
WIE3004 - INFORMATION RETRIEVAL;1;TUTORIAL;7, 8, 9, 10, 11, 13, 14, 15, 16, 17, 18, 19, 20;Wednesday 12:00 PM - 1:00 PM;SRI DEVI A/P RAVANA;Makmal Mikro 3 FSKTM (60);30;1;LINK
WIE3005 - KNOWLEDGE MANAGEMENT AND ENGINEERING;1;LECTURE;7, 8, 9, 10, 11, 13, 14, 15, 16, 17, 18, 19, 20;Monday 9:00 AM - 11:00 AM;MOHD SHAHRUL NIZAM BIN MOHD DANURI;Bilik Kuliah 2 FSKTM (50);40;0;LINK
WIE3005 - KNOWLEDGE MANAGEMENT AND ENGINEERING;1;TUTORIAL;7, 8, 9, 10, 11, 13, 14, 15, 16, 17, 18, 19, 20;Thursday 10:00 AM - 11:00 AM;MOHD SHAHRUL NIZAM BIN MOHD DANURI;Bilik Kuliah 2 FSKTM (50);40;0;LINK
WIF2002 - SOFTWARE REQUIREMENTS ENGINEERING;1;TUTORIAL;7, 8, 9, 10, 11, 13, 14, 15, 16, 17, 18, 19, 20;Thursday 1:00 PM - 2:00 PM;HAZRINA BINTI SOFIAN;Bilik Kuliah 2 FSKTM (50);40;0;LINK
WIF2002 - SOFTWARE REQUIREMENTS ENGINEERING;1;LECTURE;7, 8, 9, 10, 11, 13, 14, 15, 16, 17, 18, 19, 20;Tuesday 2:00 PM - 4:00 PM;HAZRINA BINTI SOFIAN;Dewan Kuliah 1 FSKTM (280);40;0;LINK
WIF2002 - SOFTWARE REQUIREMENTS ENGINEERING;1RL;ONLINE;7, 8, 9, 10, 11, 13, 14, 15, 16, 17, 18, 19, 20;Thursday 11:00 AM - 12:00 PM;CHIAM YIN KIA;N/A;5;0;LINK
WIF2002 - SOFTWARE REQUIREMENTS ENGINEERING;1RL;ONLINE;7, 8, 9, 10, 11, 13, 14, 15, 16, 17, 18, 19, 20;Tuesday 2:00 PM - 4:00 PM;HAZRINA BINTI SOFIAN;N/A;5;0;LINK
WIF2002 - SOFTWARE REQUIREMENTS ENGINEERING;2;TUTORIAL;7, 8, 9, 10, 11, 13, 14, 15, 16, 17, 18, 19, 20;Thursday 11:00 AM - 12:00 PM;CHIAM YIN KIA;Bilik Kuliah 2 FSKTM (50);40;0;LINK
WIF2002 - SOFTWARE REQUIREMENTS ENGINEERING;2;LECTURE;7, 8, 9, 10, 11, 13, 14, 15, 16, 17, 18, 19, 20;Tuesday 2:00 PM - 4:00 PM;HAZRINA BINTI SOFIAN;Dewan Kuliah 1 FSKTM (280);40;0;LINK
WIF2002 - SOFTWARE REQUIREMENTS ENGINEERING;3;TUTORIAL;7, 8, 9, 10, 11, 13, 14, 15, 16, 17, 18, 19, 20;Thursday 12:00 PM - 1:00 PM;CHIAM YIN KIA;Bilik Kuliah 2 FSKTM (50);40;1;LINK
WIF2002 - SOFTWARE REQUIREMENTS ENGINEERING;3;LECTURE;7, 8, 9, 10, 11, 13, 14, 15, 16, 17, 18, 19, 20;Tuesday 2:00 PM - 4:00 PM;HAZRINA BINTI SOFIAN;Dewan Kuliah 1 FSKTM (280);40;1;LINK
WIF2003 - WEB PROGRAMMING;1;TUTORIAL;7, 8, 9, 10, 11, 13, 14, 15, 16, 17, 18, 19, 20;Wednesday 1:00 PM - 2:00 PM;CHIAM YIN KIA;Makmal Stroustrup FSKTM (30);24;0;LINK
WIF2003 - WEB PROGRAMMING;1;LECTURE;7, 8, 9, 10, 11, 13, 14, 15, 16, 17, 18, 19, 20;Tuesday 4:00 PM - 6:00 PM;CHIAM YIN KIA;Dewan Kuliah 1 FSKTM (280);24;0;LINK
WIF2003 - WEB PROGRAMMING;1RL;ONLINE;7, 8, 9, 10, 11, 13, 14, 15, 16, 17, 18, 19, 20;Thursday 4:00 PM - 5:00 PM;CHIAM YIN KIA;N/A;5;0;LINK
WIF2003 - WEB PROGRAMMING;1RL;ONLINE;7, 8, 9, 10, 11, 13, 14, 15, 16, 17, 18, 19, 20;Tuesday 4:00 PM - 6:00 PM;CHIAM YIN KIA;N/A;5;0;LINK
WIF2003 - WEB PROGRAMMING;2;TUTORIAL;7, 8, 9, 10, 11, 13, 14, 15, 16, 17, 18, 19, 20;Wednesday 2:00 PM - 3:00 PM;CHIAM YIN KIA;Makmal Stroustrup FSKTM (30);50;17;LINK
WIF2003 - WEB PROGRAMMING;2;LECTURE;7, 8, 9, 10, 11, 13, 14, 15, 16, 17, 18, 19, 20;Tuesday 4:00 PM - 6:00 PM;CHIAM YIN KIA;Dewan Kuliah 1 FSKTM (280);50;17;LINK
WIF2003 - WEB PROGRAMMING;3;TUTORIAL;7, 8, 9, 10, 11, 13, 14, 15, 16, 17, 18, 19, 20;Thursday 4:00 PM - 5:00 PM;CHIAM YIN KIA;Makmal Mikro 4 FSKTM (60);50;0;LINK
WIF2003 - WEB PROGRAMMING;3;LECTURE;7, 8, 9, 10, 11, 13, 14, 15, 16, 17, 18, 19, 20;Tuesday 4:00 PM - 6:00 PM;CHIAM YIN KIA;Dewan Kuliah 1 FSKTM (280);50;0;LINK
WIF3001 - SOFTWARE TESTING;1;LECTURE;7, 8, 9, 10, 11, 13, 14, 15, 16, 17, 18, 19, 20;Wednesday 8:00 AM - 11:00 AM;SITI HAFIZAH BINTI AB HAMID;Dewan Kuliah 2 FSKTM (280);90;0;LINK
WIF3001 - SOFTWARE TESTING;1RL;ONLINE;7, 8, 9, 10, 11, 13, 14, 15, 16, 17, 18, 19, 20;Wednesday 8:00 AM - 11:00 AM;SITI HAFIZAH BINTI AB HAMID;N/A;5;0;LINK
WIF3002 - SOFTWARE PROCESS AND QUALITY;1;TUTORIAL;7, 8, 9, 10, 11, 13, 14, 15, 16, 17, 18, 19, 20;Tuesday 9:00 AM - 10:00 AM;RAJA JAMILAH BINTI RAJA YUSOF;Bilik Kuliah 2 FSKTM (50);30;0;LINK
WIF3002 - SOFTWARE PROCESS AND QUALITY;1;LECTURE;7, 8, 9, 10, 11, 13, 14, 15, 16, 17, 18, 19, 20;Thursday 2:00 PM - 4:00 PM;RAJA JAMILAH BINTI RAJA YUSOF;Dewan Kuliah 1 FSKTM (280);30;0;LINK
WIF3002 - SOFTWARE PROCESS AND QUALITY;1RL;ONLINE;7, 8, 9, 10, 11, 13, 14, 15, 16, 17, 18, 19, 20;Tuesday 11:00 AM - 12:00 PM;RAJA JAMILAH BINTI RAJA YUSOF;N/A;5;0;LINK
WIF3002 - SOFTWARE PROCESS AND QUALITY;1RL;ONLINE;7, 8, 9, 10, 11, 13, 14, 15, 16, 17, 18, 19, 20;Thursday 2:00 PM - 4:00 PM;RAJA JAMILAH BINTI RAJA YUSOF;N/A;5;0;LINK
WIF3002 - SOFTWARE PROCESS AND QUALITY;2;TUTORIAL;7, 8, 9, 10, 11, 13, 14, 15, 16, 17, 18, 19, 20;Tuesday 10:00 AM - 11:00 AM;RAJA JAMILAH BINTI RAJA YUSOF;Bilik Kuliah 2 FSKTM (50);30;30;LINK
WIF3002 - SOFTWARE PROCESS AND QUALITY;2;LECTURE;7, 8, 9, 10, 11, 13, 14, 15, 16, 17, 18, 19, 20;Thursday 2:00 PM - 4:00 PM;RAJA JAMILAH BINTI RAJA YUSOF;Dewan Kuliah 1 FSKTM (280);30;30;LINK
WIF3002 - SOFTWARE PROCESS AND QUALITY;3;TUTORIAL;7, 8, 9, 10, 11, 13, 14, 15, 16, 17, 18, 19, 20;Tuesday 11:00 AM - 12:00 PM;RAJA JAMILAH BINTI RAJA YUSOF;Bilik Kuliah 2 FSKTM (50);30;30;LINK
WIF3002 - SOFTWARE PROCESS AND QUALITY;3;LECTURE;7, 8, 9, 10, 11, 13, 14, 15, 16, 17, 18, 19, 20;Thursday 2:00 PM - 4:00 PM;RAJA JAMILAH BINTI RAJA YUSOF;Dewan Kuliah 1 FSKTM (280);30;30;LINK
WIF3003 - CONCURRENT PROGRAMMING;1;TUTORIAL;7, 8, 9, 10, 11, 13, 14, 15, 16, 17, 18, 19, 20;Thursday 10:00 AM - 11:00 AM;CHIEW THIAM KIAN;Makmal Lanjutan FSKTM (33);20;0;LINK
WIF3003 - CONCURRENT PROGRAMMING;1;LECTURE;7, 8, 9, 10, 11, 13, 14, 15, 16, 17, 18, 19, 20;Tuesday 12:00 PM - 2:00 PM;CHIEW THIAM KIAN;Bilik Kuliah 2 FSKTM (50);20;0;LINK
WIF3003 - CONCURRENT PROGRAMMING;2;TUTORIAL;7, 8, 9, 10, 11, 13, 14, 15, 16, 17, 18, 19, 20;Thursday 11:00 AM - 12:00 PM;CHIEW THIAM KIAN;Makmal Lanjutan FSKTM (33);20;2;LINK
WIF3003 - CONCURRENT PROGRAMMING;2;LECTURE;7, 8, 9, 10, 11, 13, 14, 15, 16, 17, 18, 19, 20;Tuesday 12:00 PM - 2:00 PM;CHIEW THIAM KIAN;Bilik Kuliah 2 FSKTM (50);20;2;LINK
WIF3004 - SOFTWARE ARCHITECTURE AND DESIGN PARADIGMS;1;TUTORIAL;7, 8, 9, 10, 11, 13, 14, 15, 16, 17, 18, 19, 20;Monday 10:00 AM - 11:00 AM;SU MOON TING;Makmal Mikro 2 FSKTM (37);20;0;LINK
WIF3004 - SOFTWARE ARCHITECTURE AND DESIGN PARADIGMS;1;LECTURE;7, 8, 9, 10, 11, 13, 14, 15, 16, 17, 18, 19, 20;Wednesday 12:00 PM - 2:00 PM;SU MOON TING;Dewan Kuliah 1 FSKTM (280);20;0;LINK
WIF3004 - SOFTWARE ARCHITECTURE AND DESIGN PARADIGMS;1RL;ONLINE;7, 8, 9, 10, 11, 13, 14, 15, 16, 17, 18, 19, 20;Monday 2:00 PM - 3:00 PM;SU MOON TING;N/A;5;0;LINK
WIF3004 - SOFTWARE ARCHITECTURE AND DESIGN PARADIGMS;1RL;ONLINE;7, 8, 9, 10, 11, 13, 14, 15, 16, 17, 18, 19, 20;Wednesday 12:00 PM - 2:00 PM;SU MOON TING;N/A;5;0;LINK
WIF3004 - SOFTWARE ARCHITECTURE AND DESIGN PARADIGMS;2;TUTORIAL;7, 8, 9, 10, 11, 13, 14, 15, 16, 17, 18, 19, 20;Monday 1:00 PM - 2:00 PM;SU MOON TING;Makmal Mikro 6 FSKTM (45);35;35;LINK
WIF3004 - SOFTWARE ARCHITECTURE AND DESIGN PARADIGMS;2;LECTURE;7, 8, 9, 10, 11, 13, 14, 15, 16, 17, 18, 19, 20;Wednesday 12:00 PM - 2:00 PM;SU MOON TING;Dewan Kuliah 1 FSKTM (280);35;35;LINK
WIF3004 - SOFTWARE ARCHITECTURE AND DESIGN PARADIGMS;3;TUTORIAL;7, 8, 9, 10, 11, 13, 14, 15, 16, 17, 18, 19, 20;Monday 2:00 PM - 3:00 PM;SU MOON TING;Makmal Mikro 6 FSKTM (45);35;27;LINK
WIF3004 - SOFTWARE ARCHITECTURE AND DESIGN PARADIGMS;3;LECTURE;7, 8, 9, 10, 11, 13, 14, 15, 16, 17, 18, 19, 20;Wednesday 12:00 PM - 2:00 PM;SU MOON TING;Dewan Kuliah 1 FSKTM (280);35;27;LINK
WIF3009 - PYTHON FOR SCIENTIFIC COMPUTING;1;TUTORIAL;7, 8, 9, 10, 11, 13, 14, 15, 16, 17, 18, 19, 20;Thursday 4:00 PM - 5:00 PM;MOHAMAD HAZIM BIN MD HANIF;Makmal Mikro 2 FSKTM (37);24;24;LINK
WIF3009 - PYTHON FOR SCIENTIFIC COMPUTING;1;LECTURE;7, 8, 9, 10, 11, 13, 14, 15, 16, 17, 18, 19, 20;Tuesday 12:00 PM - 2:00 PM;MOHAMAD HAZIM BIN MD HANIF;Bilik Kuliah FSKTM (75);24;24;LINK
WIF3009 - PYTHON FOR SCIENTIFIC COMPUTING;1RL;ONLINE;7, 8, 9, 10, 11, 13, 14, 15, 16, 17, 18, 19, 20;Thursday 5:00 PM - 6:00 PM;MOHAMAD HAZIM BIN MD HANIF;N/A;5;0;LINK
WIF3009 - PYTHON FOR SCIENTIFIC COMPUTING;1RL;ONLINE;7, 8, 9, 10, 11, 13, 14, 15, 16, 17, 18, 19, 20;Tuesday 12:00 PM - 2:00 PM;MOHAMAD HAZIM BIN MD HANIF;N/A;5;0;LINK
WIF3009 - PYTHON FOR SCIENTIFIC COMPUTING;2;TUTORIAL;7, 8, 9, 10, 11, 13, 14, 15, 16, 17, 18, 19, 20;Thursday 5:00 PM - 6:00 PM;MOHAMAD HAZIM BIN MD HANIF;Makmal Mikro 2 FSKTM (37);24;9;LINK
WIF3009 - PYTHON FOR SCIENTIFIC COMPUTING;2;LECTURE;7, 8, 9, 10, 11, 13, 14, 15, 16, 17, 18, 19, 20;Tuesday 12:00 PM - 2:00 PM;MOHAMAD HAZIM BIN MD HANIF;Bilik Kuliah FSKTM (75);24;9;LINK
WIF3009 - PYTHON FOR SCIENTIFIC COMPUTING;3;TUTORIAL;7, 8, 9, 10, 11, 13, 14, 15, 16, 17, 18, 19, 20;Friday 3:00 PM - 4:00 PM;MOHAMAD HAZIM BIN MD HANIF;Makmal Mikro 6 FSKTM (45);45;1;LINK
WIF3009 - PYTHON FOR SCIENTIFIC COMPUTING;3;LECTURE;7, 8, 9, 10, 11, 13, 14, 15, 16, 17, 18, 19, 20;Tuesday 12:00 PM - 2:00 PM;MOHAMAD HAZIM BIN MD HANIF;Bilik Kuliah FSKTM (75);45;1;LINK
WIF3011 - CONCURRENT AND PARALLEL PROGRAMMING;1;LECTURE;7, 8, 9, 10, 11, 13, 14, 15, 16, 17, 18, 19, 20;Tuesday 12:00 PM - 2:00 PM;CHIEW THIAM KIAN;Bilik Kuliah 2 FSKTM (50);15;12;LINK
WIF3011 - CONCURRENT AND PARALLEL PROGRAMMING;1;TUTORIAL;7, 8, 9, 10, 11, 13, 14, 15, 16, 17, 18, 19, 20;Thursday 10:00 AM - 11:00 AM;CHIEW THIAM KIAN;Makmal Lanjutan FSKTM (33);15;12;LINK
WIF3011 - CONCURRENT AND PARALLEL PROGRAMMING;2;LECTURE;7, 8, 9, 10, 11, 13, 14, 15, 16, 17, 18, 19, 20;Tuesday 12:00 PM - 2:00 PM;CHIEW THIAM KIAN;Bilik Kuliah 2 FSKTM (50);15;15;LINK
WIF3011 - CONCURRENT AND PARALLEL PROGRAMMING;2;TUTORIAL;7, 8, 9, 10, 11, 13, 14, 15, 16, 17, 18, 19, 20;Thursday 11:00 AM - 12:00 PM;CHIEW THIAM KIAN;Makmal Lanjutan FSKTM (33);15;15;LINK
WIG2001 - DIGITAL IMAGE PROCESSING;1;LECTURE;7, 8, 9, 10, 11, 13, 14, 15, 16, 17, 18, 19, 20;Thursday 10:00 AM - 12:00 PM;HANNYZZURA BINTI PAL @ AFFAL;Dewan Kuliah 2 FSKTM (280);40;5;LINK
WIG2001 - DIGITAL IMAGE PROCESSING;1;TUTORIAL;7, 8, 9, 10, 11, 13, 14, 15, 16, 17, 18, 19, 20;Thursday 2:00 PM - 3:00 PM;HANNYZZURA BINTI PAL @ AFFAL;Makmal Stroustrup FSKTM (30);40;5;LINK
WIG2002 - COMPUTER GRAPHICS;1;LECTURE;7, 8, 9, 10, 11, 13, 14, 15, 16, 17, 18, 19, 20;Monday 1:00 PM - 3:00 PM;NOR ANIZA BINTI ABDULLAH;Makmal Mikro 4 FSKTM (60);40;1;LINK
WIG2002 - COMPUTER GRAPHICS;1;TUTORIAL;7, 8, 9, 10, 11, 13, 14, 15, 16, 17, 18, 19, 20;Wednesday 12:00 PM - 1:00 PM;NOR ANIZA BINTI ABDULLAH;Bilik Kuliah FSKTM (75);40;1;LINK
WIG2004 - AUDIO SYNTHESIS;1;LECTURE;7, 8, 9, 10, 11, 13, 14, 15, 16, 17, 18, 19, 20;Tuesday 11:00 AM - 1:00 PM;MAS IDAYU BINTI MD SABRI;Makmal Mikro 6 FSKTM (45);40;12;LINK
WIG2004 - AUDIO SYNTHESIS;1;TUTORIAL;7, 8, 9, 10, 11, 13, 14, 15, 16, 17, 18, 19, 20;Thursday 3:00 PM - 4:00 PM;MAS IDAYU BINTI MD SABRI;Makmal Lanjutan FSKTM (33);40;12;LINK
WIG2005 - INTERACTIVE DESIGN;1;LECTURE;7, 8, 9, 10, 11, 13, 14, 15, 16, 17, 18, 19, 20;Wednesday 1:00 PM - 4:00 PM;NURUL FAZMIDAR BINTI MOHD NOOR;Bilik Kuliah FSKTM (75);40;0;LINK
WIG3001 - MATHEMATICS FOR MULTIMEDIA;1;LECTURE;7, 8, 9, 10, 11, 13, 14, 15, 16, 17, 18, 19, 20;Wednesday 9:00 AM - 11:00 AM;SUZAN JABBAR OBAIYS;Bilik Tutorial 1 FSKTM (30);30;16;LINK
WIG3001 - MATHEMATICS FOR MULTIMEDIA;1;TUTORIAL;7, 8, 9, 10, 11, 13, 14, 15, 16, 17, 18, 19, 20;Thursday 12:00 PM - 1:00 PM;SUZAN JABBAR OBAIYS;Bilik Tutorial 1 FSKTM (30);30;16;LINK
WIG3002 - RENDERING AND ANIMATION;1;LECTURE;7, 8, 9, 10, 11, 13, 14, 15, 16, 17, 18, 19, 20;Tuesday 4:00 PM - 6:00 PM;AMIRRUDIN BIN KAMSIN;Makmal Mikro 1 FSKTM (50);30;23;LINK
WIG3002 - RENDERING AND ANIMATION;1;TUTORIAL;7, 8, 9, 10, 11, 13, 14, 15, 16, 17, 18, 19, 20;Thursday 9:00 AM - 10:00 AM;AMIRRUDIN BIN KAMSIN;Makmal Lanjutan FSKTM (33);30;23;LINK
WIG3002 - RENDERING AND ANIMATION;1M;LECTURE;7, 8, 9, 10, 11, 13, 14, 15, 16, 17, 18, 19, 20;Tuesday 4:00 PM - 6:00 PM;AMIRRUDIN BIN KAMSIN;Makmal Mikro 1 FSKTM (50);10;10;LINK
WIG3002 - RENDERING AND ANIMATION;1M;TUTORIAL;7, 8, 9, 10, 11, 13, 14, 15, 16, 17, 18, 19, 20;Thursday 9:00 AM - 10:00 AM;AMIRRUDIN BIN KAMSIN;Makmal Lanjutan FSKTM (33);10;10;LINK
WIG3003 - MULTIMEDIA PROGRAMMING;1;LECTURE;7, 8, 9, 10, 11, 13, 14, 15, 16, 17, 18, 19, 20;Tuesday 9:00 AM - 11:00 AM;NOR ANIZA BINTI ABDULLAH;Bilik Tutorial 1 FSKTM (30);30;11;LINK
WIG3003 - MULTIMEDIA PROGRAMMING;1;TUTORIAL;7, 8, 9, 10, 11, 13, 14, 15, 16, 17, 18, 19, 20;Wednesday 3:00 PM - 4:00 PM;NOR ANIZA BINTI ABDULLAH;Bilik Tutorial 1 FSKTM (30);30;11;LINK
WIG3004 - VIRTUAL REALITY;1;LECTURE;7, 8, 9, 10, 11, 13, 14, 15, 16, 17, 18, 19, 20;Tuesday 1:00 PM - 4:00 PM;NORNAZLITA BINTI HUSSIN;Makmal Mikro 3 FSKTM (60);50;25;LINK
WIG3004 - VIRTUAL REALITY;1M;LECTURE;7, 8, 9, 10, 11, 13, 14, 15, 16, 17, 18, 19, 20;Tuesday 1:00 PM - 4:00 PM;NORNAZLITA BINTI HUSSIN;Makmal Mikro 3 FSKTM (60);10;10;LINK
WIG3004 - VIRTUAL REALITY;1RL;ONLINE;7, 8, 9, 10, 11, 13, 14, 15, 16, 17, 18, 19, 20;Tuesday 1:00 PM - 4:00 PM;NORNAZLITA BINTI HUSSIN;N/A;5;1;LINK
WIG3005 - GAME DEVELOPMENT;1;LECTURE;7, 8, 9, 10, 11, 13, 14, 15, 16, 17, 18, 19, 20;Monday 11:00 AM - 1:00 PM;MOHAMAD NIZAM BIN AYUB;Makmal Mikro 4 FSKTM (60);50;49
WIG3005 - GAME DEVELOPMENT;1;TUTORIAL;7, 8, 9, 10, 11, 13, 14, 15, 16, 17, 18, 19, 20;Wednesday 11:00 AM - 12:00 PM;MOHAMAD NIZAM BIN AYUB;Makmal Mikro 3 FSKTM (60);50;49
WIG3005 - GAME DEVELOPMENT;1M;LECTURE;7, 8, 9, 10, 11, 13, 14, 15, 16, 17, 18, 19, 20;Monday 11:00 AM - 1:00 PM;MOHAMAD NIZAM BIN AYUB;Makmal Mikro 4 FSKTM (60);10;10
WIG3005 - GAME DEVELOPMENT;1M;TUTORIAL;7, 8, 9, 10, 11, 13, 14, 15, 16, 17, 18, 19, 20;Wednesday 11:00 AM - 12:00 PM;MOHAMAD NIZAM BIN AYUB;Makmal Mikro 3 FSKTM (60);10;10
WIH2001 - DATA ANALYTICS;1;LECTURE;7, 8, 9, 10, 11, 13, 14, 15, 16, 17, 18, 19, 20;Monday 11:00 AM - 1:00 PM;SRI DEVI A/P RAVANA;Bilik Kuliah FSKTM (75);40;0
WIH2001 - DATA ANALYTICS;1;TUTORIAL;7, 8, 9, 10, 11, 13, 14, 15, 16, 17, 18, 19, 20;Wednesday 3:00 PM - 4:00 PM;SRI DEVI A/P RAVANA;Bilik Kuliah 2 FSKTM (50);40;0
WIH3001 - DATA SCIENCE PROJECT;1;LECTURE;N/A;N/A;VIMALA A/P BALAKRISHNAN;N/A;40;0
WIH3002 - DATA SCIENCE INDUSTRIAL TRAINING;1;LECTURE;N/A;N/A;HOO WAI LAM;N/A;50;0
WIH3004 - TRENDS IN DATA SCIENCE;1;LECTURE;7, 8, 9, 10, 11, 13, 14, 15, 16, 17, 18, 19, 20;Monday 1:00 PM - 3:00 PM;VIMALA A/P BALAKRISHNAN;Bilik Kuliah 2 FSKTM (50);40;0
WIH3004 - TRENDS IN DATA SCIENCE;1;TUTORIAL;7, 8, 9, 10, 11, 13, 14, 15, 16, 17, 18, 19, 20;Thursday 9:00 AM - 10:00 AM;VIMALA A/P BALAKRISHNAN;Bilik Kuliah 2 FSKTM (50);40;0
WIX1002 - FUNDAMENTALS OF PROGRAMMING;1;TUTORIAL;7, 8, 9, 10, 11, 13, 14, 15, 16, 17, 18, 19, 20;Thursday 11:00 AM - 2:00 PM;NOR BADRUL ANUAR BIN JUMA'AT;Makmal Mikro 3 FSKTM (60);60;0
WIX1002 - FUNDAMENTALS OF PROGRAMMING;1;LECTURE;7, 8, 9, 10, 11, 13, 14, 15, 16, 17, 18, 19, 20;Monday 1:00 PM - 3:00 PM;NOR BADRUL ANUAR BIN JUMA'AT;Bilik Kuliah FSKTM (75);60;0
WIX1002 - FUNDAMENTALS OF PROGRAMMING;2;TUTORIAL;7, 8, 9, 10, 11, 13, 14, 15, 16, 17, 18, 19, 20;Friday 9:00 AM - 12:00 PM;;Makmal Mikro 3 FSKTM (60);40;0
WIX1002 - FUNDAMENTALS OF PROGRAMMING;2;LECTURE;7, 8, 9, 10, 11, 13, 14, 15, 16, 17, 18, 19, 20;Monday 1:00 PM - 3:00 PM;NOR BADRUL ANUAR BIN JUMA'AT;Bilik Kuliah FSKTM (75);40;0
WIX1003 - COMPUTER SYSTEMS AND ORGANIZATION;1;LECTURE;7, 8, 9, 10, 11, 13, 14, 15, 16, 17, 18, 19, 20;Monday 9:00 AM - 11:00 AM;NOORZAILY BIN MOHAMED NOOR;Makmal Lanjutan FSKTM (33);30;1
WIX1003 - COMPUTER SYSTEMS AND ORGANIZATION;1;TUTORIAL;7, 8, 9, 10, 11, 13, 14, 15, 16, 17, 18, 19, 20;Wednesday 12:00 PM - 1:00 PM;NOORZAILY BIN MOHAMED NOOR;Makmal Lanjutan FSKTM (33);30;1
WIX2001 - THINKING AND COMMUNICATION SKILLS;1;LECTURE;7, 8, 9, 10, 11, 13, 14, 15, 16, 17, 18, 19, 20;Thursday 8:00 AM - 11:00 AM;ERMA RAHAYU BINTI MOHD FAIZAL ABDULLAH;Dewan Kuliah 1 FSKTM (280);40;0
WIX2001 - THINKING AND COMMUNICATION SKILLS;2;LECTURE;7, 8, 9, 10, 11, 13, 14, 15, 16, 17, 18, 19, 20;Thursday 3:00 PM - 6:00 PM;HANNYZZURA BINTI PAL @ AFFAL;Dewan Kuliah 2 FSKTM (280);70;0
WIX2001 - THINKING AND COMMUNICATION SKILLS;3;LECTURE;7, 8, 9, 10, 11, 13, 14, 15, 16, 17, 18, 19, 20;Tuesday 3:00 PM - 6:00 PM;MAS IDAYU BINTI MD SABRI;Bilik Kuliah FSKTM (75);70;0
WIX3001 - SOFT COMPUTING;1;TUTORIAL;7, 8, 9, 10, 11, 13, 14, 15, 16, 17, 18, 19, 20;Thursday 12:00 PM - 1:00 PM;Liew Shiung;Makmal Stroustrup FSKTM (30);40;1
WIX3001 - SOFT COMPUTING;1;LECTURE;7, 8, 9, 10, 11, 13, 14, 15, 16, 17, 18, 19, 20;Tuesday 4:00 PM - 6:00 PM;Liew Shiung;Dewan Kuliah 2 FSKTM (280);40;1
WIX3001 - SOFT COMPUTING;2;TUTORIAL;7, 8, 9, 10, 11, 13, 14, 15, 16, 17, 18, 19, 20;Thursday 5:00 PM - 6:00 PM;Liew Shiung;Makmal Mikro 3 FSKTM (60);60;0
WIX3001 - SOFT COMPUTING;2;LECTURE;7, 8, 9, 10, 11, 13, 14, 15, 16, 17, 18, 19, 20;Tuesday 4:00 PM - 6:00 PM;Liew Shiung;Dewan Kuliah 2 FSKTM (280);60;0
WIX3003 - INFORMATION SECURITY MANAGEMENT AND ETHICS;1;TUTORIAL;7, 8, 9, 10, 11, 13, 14, 15, 16, 17, 18, 19, 20;Wednesday 9:00 AM - 10:00 AM;Burhan Khan;Makmal Mikro 4 FSKTM (60);60;0
WIX3003 - INFORMATION SECURITY MANAGEMENT AND ETHICS;1;LECTURE;7, 8, 9, 10, 11, 13, 14, 15, 16, 17, 18, 19, 20;Monday 9:00 AM - 11:00 AM;Burhan Khan;Bilik Kuliah FSKTM (75);60;0
WIX3003 - INFORMATION SECURITY MANAGEMENT AND ETHICS;2;TUTORIAL;7, 8, 9, 10, 11, 13, 14, 15, 16, 17, 18, 19, 20;Wednesday 12:00 PM - 1:00 PM;Burhan Khan;Makmal Stroustrup FSKTM (30);40;3
WIX3003 - INFORMATION SECURITY MANAGEMENT AND ETHICS;2;LECTURE;7, 8, 9, 10, 11, 13, 14, 15, 16, 17, 18, 19, 20;Monday 9:00 AM - 11:00 AM;Burhan Khan;Bilik Kuliah FSKTM (75);40;3
WOA7019 - AUGMENTED REALITY;1;LECTURE;7, 8, 9, 10, 11, 13, 14, 15, 16, 17, 18, 19, 20;Tuesday 6:00 PM - 9:00 PM;NORNAZLITA BINTI HUSSIN;Makmal Mikro 1 FSKTM (50);20;0
WOC7020 - ADVANCED INTERNET OF THINGS;1;LECTURE;7, 8, 9, 10, 11, 13, 14, 15, 16, 17, 18, 19, 20;Thursday 6:00 PM - 9:00 PM;MOHD YAMANI IDNA BIN IDRIS;Makmal CCNA FSKTM (40);40;0
WOX7001 - RESEARCH METHODOLOGY;1;LECTURE;7, 8, 9, 10, 11, 13, 14, 15, 16, 17, 18, 19, 20;Wednesday 6:00 PM - 9:00 PM;RAFIDAH BINTI MD NOOR;Dewan Kuliah 1 FSKTM (280);100;0
WOX7001 - RESEARCH METHODOLOGY;1RL;ONLINE;7, 8, 9, 10, 11, 13, 14, 15, 16, 17, 18, 19, 20;Wednesday 6:00 PM - 9:00 PM;RAFIDAH BINTI MD NOOR;N/A;10;0
WOX7001 - RESEARCH METHODOLOGY;2;LECTURE;7, 8, 9, 10, 11, 13, 14, 15, 16, 17, 18, 19, 20;Saturday 8:30 AM - 11:30 AM;RAFIDAH BINTI MD NOOR;Dewan Kuliah 1 FSKTM (280);100;0
WQD7001 - PRINCIPLES OF DATA SCIENCE;1;LECTURE;7, 8, 9, 10, 11, 13, 14, 15, 16, 17, 18, 19, 20;Monday 6:00 PM - 9:00 PM;MAIZATUL AKMAR BINTI ISMAIL;Dewan Kuliah 2 FSKTM (280);60;0
WQD7001 - PRINCIPLES OF DATA SCIENCE;2;LECTURE;7, 8, 9, 10, 11, 13, 14, 15, 16, 17, 18, 19, 20;Wednesday 6:00 PM - 9:00 PM;NURUL BINTI JAPAR;Dewan Kuliah 2 FSKTM (280);60;0
WQD7002 - DATA SCIENCE RESEARCH PROJECT;P1;LECTURE;N/A;N/A;HOO WAI LAM;N/A;120;0
WQD7002 - DATA SCIENCE RESEARCH PROJECT;P2;LECTURE;N/A;N/A;HOO WAI LAM;N/A;120;0
WQD7003 - DATA ANALYTICS;1;LECTURE;7, 8, 9, 10, 11, 13, 14, 15, 16, 17, 18, 19, 20;Tuesday 6:00 PM - 9:00 PM;SAW SHIER NEE;Makmal Mikro 3 FSKTM (60);60;0
WQD7003 - DATA ANALYTICS;2;LECTURE;7, 8, 9, 10, 11, 13, 14, 15, 16, 17, 18, 19, 20;Saturday 11:30 AM - 2:30 PM;KASTURI DEWI A/P VARATHAN;Makmal Mikro 3 FSKTM (60);60;0
WQD7004 - PROGRAMMING FOR DATA SCIENCE;1;LECTURE;7, 8, 9, 10, 11, 13, 14, 15, 16, 17, 18, 19, 20;Thursday 6:00 PM - 9:00 PM;ANG TAN FONG;Makmal Mikro 3 FSKTM (60);60;0
WQD7004 - PROGRAMMING FOR DATA SCIENCE;2;LECTURE;7, 8, 9, 10, 11, 13, 14, 15, 16, 17, 18, 19, 20;Saturday 3:00 PM - 6:00 PM;ONG SIM YING;Makmal Mikro 3 FSKTM (60);60;0
WQD7005 - DATA MINING;1;LECTURE;7, 8, 9, 10, 11, 13, 14, 15, 16, 17, 18, 19, 20;Thursday 6:00 PM - 9:00 PM;NOR LIYANA BT MOHD SHUIB;Makmal Mikro 4 FSKTM (60);60;0
WQD7005 - DATA MINING;1RL;ONLINE;7, 8, 9, 10, 11, 13, 14, 15, 16, 17, 18, 19, 20;Saturday 8:30 AM - 11:30 AM;NOR LIYANA BT MOHD SHUIB;N/A;90;0
WQD7005 - DATA MINING;2;LECTURE;7, 8, 9, 10, 11, 13, 14, 15, 16, 17, 18, 19, 20;Saturday 3:00 PM - 6:00 PM;TUTUT HERAWAN;Makmal Mikro 4 FSKTM (60);60;0
WQD7005 - DATA MINING;3;LECTURE;7, 8, 9, 10, 11, 13, 14, 15, 16, 17, 18, 19, 20;Saturday 8:30 AM - 11:30 AM;NOR LIYANA BT MOHD SHUIB;Makmal Mikro 4 FSKTM (60);30;0
WQD7006 - MACHINE LEARNING FOR DATA SCIENCE;1;LECTURE;7, 8, 9, 10, 11, 13, 14, 15, 16, 17, 18, 19, 20;Monday 6:00 PM - 9:00 PM;RIYAZ AHAMED ARIYALURAN HABEEB MOHAMED;Makmal Mikro 4 FSKTM (60);60;0
WQD7006 - MACHINE LEARNING FOR DATA SCIENCE;1RL;LECTURE;7, 8, 9, 10, 11, 13, 14, 15, 16, 17, 18, 19, 20;Sunday 3:00 PM - 6:00 PM;RIYAZ AHAMED ARIYALURAN HABEEB MOHAMED;N/A;90;0
WQD7006 - MACHINE LEARNING FOR DATA SCIENCE;2;LECTURE;7, 8, 9, 10, 11, 13, 14, 15, 16, 17, 18, 19, 20;Saturday 11:30 AM - 2:30 PM;VIMALA A/P BALAKRISHNAN;Makmal Mikro 4 FSKTM (60);60;0
WQD7006 - MACHINE LEARNING FOR DATA SCIENCE;3;LECTURE;7, 8, 9, 10, 11, 13, 14, 15, 16, 17, 18, 19, 20;Sunday 3:00 PM - 6:00 PM;RIYAZ AHAMED ARIYALURAN HABEEB MOHAMED;Makmal Mikro 4 FSKTM (60);30;0
WQD7007 - BIG DATA MANAGEMENT;1;LECTURE;7, 8, 9, 10, 11, 13, 14, 15, 16, 17, 18, 19, 20;Tuesday 6:00 PM - 9:00 PM;HOO WAI LAM;Makmal Mikro 4 FSKTM (60);60;0
WQD7007 - BIG DATA MANAGEMENT;1RL;ONLINE;7, 8, 9, 10, 11, 13, 14, 15, 16, 17, 18, 19, 20;Saturday 3:00 PM - 6:00 PM;MOHD SHAHRUL NIZAM BIN MOHD DANURI;N/A;90;0
WQD7007 - BIG DATA MANAGEMENT;2;LECTURE;7, 8, 9, 10, 11, 13, 14, 15, 16, 17, 18, 19, 20;Saturday 8:30 AM - 11:30 AM;TUTUT HERAWAN;Makmal Mikro 3 FSKTM (60);60;0
WQD7007 - BIG DATA MANAGEMENT;3;LECTURE;7, 8, 9, 10, 11, 13, 14, 15, 16, 17, 18, 19, 20;Saturday 3:00 PM - 6:00 PM;MOHD SHAHRUL NIZAM BIN MOHD DANURI;Makmal Mikro 1 FSKTM (50);30;0
WQD7010 - NETWORK AND SECURITY;1;LECTURE;7, 8, 9, 10, 11, 13, 14, 15, 16, 17, 18, 19, 20;Friday 6:00 PM - 9:00 PM;SAAIDAL RAZALLI BIN AZZUHRI;Makmal Mikro 3 FSKTM (60);100;0
WQD7010 - NETWORK AND SECURITY;1RL;ONLINE;7, 8, 9, 10, 11, 13, 14, 15, 16, 17, 18, 19, 20;Sunday 11:30 AM - 2:30 PM;SAAIDAL RAZALLI BIN AZZUHRI;N/A;60;0
WQD7010 - NETWORK AND SECURITY;2;LECTURE;7, 8, 9, 10, 11, 13, 14, 15, 16, 17, 18, 19, 20;Sunday 11:30 AM - 2:30 PM;SAAIDAL RAZALLI BIN AZZUHRI;Makmal Mikro 3 FSKTM (60);40;0
WQD7011 - NUMERICAL OPTIMIZATION;1;LECTURE;7, 8, 9, 10, 11, 13, 14, 15, 16, 17, 18, 19, 20;Friday 6:00 PM - 9:00 PM;LIM CHEE KAU;Makmal Mikro 4 FSKTM (60);100;0
WQD7011 - NUMERICAL OPTIMIZATION;1RL;ONLINE;7, 8, 9, 10, 11, 13, 14, 15, 16, 17, 18, 19, 20;Sunday 8:30 AM - 11:30 AM;LIM CHEE KAU;N/A;40;0
WQD7011 - NUMERICAL OPTIMIZATION;2;LECTURE;7, 8, 9, 10, 11, 13, 14, 15, 16, 17, 18, 19, 20;Sunday 8:30 AM - 11:30 AM;LIM CHEE KAU;Makmal Mikro 3 FSKTM (60);60;0
WQD7023 - DATA SCIENCE RESEARCH PROJECT;P1;LECTURE;N/A;N/A;HOO WAI LAM;N/A;120;0
WQD7023 - DATA SCIENCE RESEARCH PROJECT;P2;LECTURE;N/A;N/A;HOO WAI LAM;N/A;120;0
WQE7003 - CRYPTOGRAPHY AND INFORMATION HIDING;1;LECTURE;7, 8, 9, 10, 11, 13, 14, 15, 16, 17, 18, 19, 20;Monday 6:00 PM - 9:00 PM;ONG SIM YING;Makmal CCNA FSKTM (40);40;0
WQE7004 - INFORMATION ASSURANCE;1;LECTURE;7, 8, 9, 10, 11, 13, 14, 15, 16, 17, 18, 19, 20;Tuesday 6:00 PM - 9:00 PM;AZAH ANIR BINTI NORMAN;Makmal Mikro 6 FSKTM (45);40;0
WQE7005 - ADVANCE DIGITAL FORENSICS;1;LECTURE;7, 8, 9, 10, 11, 13, 14, 15, 16, 17, 18, 19, 20;Wednesday 6:00 PM - 9:00 PM;AINUDDIN WAHID BIN ABDUL WAHAB;Makmal CCNA FSKTM (40);40;0
WQE7006 - CYBER SECURITY RESEARCH PROJECT;P1;LECTURE;N/A;N/A;ROSLI BIN SALLEH;N/A;30;0
WQE7006 - CYBER SECURITY RESEARCH PROJECT;P2;LECTURE;N/A;N/A;ROSLI BIN SALLEH;N/A;30;0
WQE7009 - EMERGING TRENDS IN CYBERSECURITY;1;LECTURE;7, 8, 9, 10, 11, 13, 14, 15, 16, 17, 18, 19, 20;Friday 6:00 PM - 9:00 PM;ROSLI BIN SALLEH;Makmal CCNA FSKTM (40);40;0
WQE7010 - CLOUD COMPUTING;1;LECTURE;7, 8, 9, 10, 11, 13, 14, 15, 16, 17, 18, 19, 20;Friday 6:00 PM - 9:00 PM;MOHAMAD HAZIM BIN MD HANIF;Makmal Mikro 1 FSKTM (50);30;0
WQE7023 - CYBER SECURITY RESEARCH PROJECT;P1;LECTURE;N/A;N/A;ROSLI BIN SALLEH;N/A;60;0
WQE7023 - CYBER SECURITY RESEARCH PROJECT;P2;LECTURE;N/A;N/A;ROSLI BIN SALLEH;N/A;60;0
WQF7001 - ARTIFICIAL INTELLIGENCE RESEARCH PROJECT;P1;LECTURE;N/A;N/A;UNAIZAH HANUM BINTI OBAIDELLAH;N/A;50;0
WQF7003 - INTELLIGENT COMPUTATION;1;LECTURE;7, 8, 9, 10, 11, 13, 14, 15, 16, 17, 18, 19, 20;Monday 6:00 PM - 9:00 PM;AZNUL QALID BIN MD SABRI;Makmal Mikro 6 FSKTM (45);50;0
WQF7004 - DATA ANALYTICS IN ARTIFICIAL INTELLIGENCE;1;LECTURE;7, 8, 9, 10, 11, 13, 14, 15, 16, 17, 18, 19, 20;Wednesday 6:00 PM - 9:00 PM;MUHAMMAD SHAHREEZA SAFIRUZ BIN KASSIM;Makmal Mikro 6 FSKTM (45);50;0
WQF7005 - DATA PRIVACY AND ARTIFICIAL INTELLIGENCE ETHICS;1;LECTURE;7, 8, 9, 10, 11, 13, 14, 15, 16, 17, 18, 19, 20;Thursday 6:00 PM - 9:00 PM;NORISMA BINTI IDRIS;Makmal Mikro 6 FSKTM (45);50;0
WQF7010 - ROBOTICS AND AUTOMATION;1;LECTURE;7, 8, 9, 10, 11, 13, 14, 15, 16, 17, 18, 19, 20;Friday 6:00 PM - 9:00 PM;ZATI HAKIM BINTI AZIZUL HASAN;Bilik Kuliah 2 FSKTM (50);30;0
WQF7011 - COGNITIVE COMPUTING;1;LECTURE;7, 8, 9, 10, 11, 13, 14, 15, 16, 17, 18, 19, 20;Friday 6:00 PM - 9:00 PM;SAMEEM BINTI ABDUL KAREEM;Makmal Mikro 2 FSKTM (37);30;0
WQF7023 - ARTIFICIAL INTELLIGENCE RESEARCH PROJECT;P1;LECTURE;N/A;N/A;UNAIZAH HANUM BINTI OBAIDELLAH;N/A;60;0
WXGB6321 - WEB PUBLISHING;1;LECTURE;7, 8, 9, 10, 11, 13, 14, 15, 16, 17, 18, 19, 20;Wednesday 10:00 AM - 4:00 PM;;N/A;2423;0
